run_id,method,budget,epoch,train_loss
dense_seed42_stage1,dense,Dense,0,0.1352644506049283
dense_seed42_stage1,dense,Dense,1,0.055565287468043414
dense_seed42_stage1,dense,Dense,2,0.03423201572149992
dense_seed42_stage1,dense,Dense,3,0.023380565546215214
dense_seed42_stage1,dense,Dense,4,0.019187640611756037
dense_seed42_stage1,dense,Dense,5,0.014038677498242481
dense_seed42_stage1,dense,Dense,6,0.011570088310226639
dense_seed42_stage1,dense,Dense,7,0.010581993854584847
dense_seed42_stage1,dense,Dense,8,0.009238057025520012
dense_seed42_stage1,dense,Dense,9,0.008348458782185186
dense_seed42_stage1,dense,Dense,10,0.008250049025593127
dense_seed42_stage1,dense,Dense,11,0.006916240254600354
dense_seed42_stage1,dense,Dense,12,0.006573648676226669
dense_seed42_stage1,dense,Dense,13,0.006008333387844106
dense_seed42_stage1,dense,Dense,14,0.005877551539711892
dense_seed42_stage1,dense,Dense,15,0.0055669183388322675
dense_seed42_stage1,dense,Dense,16,0.0052572633920019455
dense_seed42_stage1,dense,Dense,17,0.005127092595509392
dense_seed42_stage1,dense,Dense,18,0.005111537245226073
dense_seed42_stage1,dense,Dense,19,0.004892292434963932
dense_seed42_stage1,dense,Dense,20,0.004645821272440136
dense_seed42_stage1,dense,Dense,21,0.0046339814199451755
dense_seed42_stage1,dense,Dense,22,0.004519683547922351
dense_seed42_stage1,dense,Dense,23,0.004419754816595703
dense_seed42_stage1,dense,Dense,24,0.0043172678053180905
dense_seed42_stage1,dense,Dense,25,0.004220674373581015
dense_seed42_stage1,dense,Dense,26,0.0040296431611653695
dense_seed42_stage1,dense,Dense,27,0.004085585732567817
dense_seed42_stage1,dense,Dense,28,0.003917446652888023
dense_seed42_stage1,dense,Dense,29,0.0038099449934150546
dense_seed42_stage1,dense,Dense,30,0.0038037782230295556
dense_seed42_stage1,dense,Dense,31,0.0037936262570896205
dense_seed42_stage1,dense,Dense,32,0.003731423426057866
dense_seed42_stage1,dense,Dense,33,0.0036166424217802333
dense_seed42_stage1,dense,Dense,34,0.0036083862007139844
dense_seed42_stage1,dense,Dense,35,0.003554657631073187
dense_seed42_stage1,dense,Dense,36,0.0035300861302257932
dense_seed42_stage1,dense,Dense,37,0.00346827730437384
dense_seed42_stage1,dense,Dense,38,0.0034323030967572505
dense_seed42_stage1,dense,Dense,39,0.003317513654226477
dense_seed42_stage1,dense,Dense,40,0.003363605540993802
dense_seed42_stage1,dense,Dense,41,0.0033295712956385886
dense_seed42_stage1,dense,Dense,42,0.0032449880109584714
dense_seed42_stage1,dense,Dense,43,0.0032499422909979254
dense_seed42_stage1,dense,Dense,44,0.0032791598740856145
dense_seed42_stage1,dense,Dense,45,0.003180075626934264
dense_seed42_stage1,dense,Dense,46,0.0032425866675305556
dense_seed42_stage1,dense,Dense,47,0.0030996489767084255
dense_seed42_stage1,dense,Dense,48,0.003010887104616639
dense_seed42_stage1,dense,Dense,49,0.002990638759504865
dense_seed42_stage1,dense,Dense,50,0.002989767197311479
dense_seed42_stage1,dense,Dense,51,0.0030046994280828005
dense_seed42_stage1,dense,Dense,52,0.002973326882520849
dense_seed42_stage1,dense,Dense,53,0.002986920377650754
dense_seed42_stage1,dense,Dense,54,0.002969244331557383
dense_seed42_stage1,dense,Dense,55,0.010160691815086621
dense_seed42_stage1,dense,Dense,56,0.009792459410976896
dense_seed42_stage1,dense,Dense,57,0.004304093044335419
dense_seed42_stage1,dense,Dense,58,0.003632355135855602
dense_seed42_stage1,dense,Dense,59,0.0033035576479767074
dense_seed42_stage1,dense,Dense,60,0.0031773766708322504
dense_seed42_stage1,dense,Dense,61,0.0030377739743190878
dense_seed42_stage1,dense,Dense,62,0.0029820673337374675
dense_seed42_stage1,dense,Dense,63,0.002965692941909359
dense_seed42_stage1,dense,Dense,64,0.002861807157503481
dense_seed42_stage1,dense,Dense,65,0.002855248723248456
dense_seed42_stage1,dense,Dense,66,0.0028100543162547687
dense_seed42_stage1,dense,Dense,67,0.0027304369135155403
dense_seed42_stage1,dense,Dense,68,0.0027219615356521088
dense_seed42_stage1,dense,Dense,69,0.002734663779847324
dense_seed42_stage1,dense,Dense,70,0.0026724464191926365
dense_seed42_stage1,dense,Dense,71,0.0026474078402586995
dense_seed42_stage1,dense,Dense,72,0.0026081400846646344
dense_seed42_stage1,dense,Dense,73,0.0026043645952124783
dense_seed42_stage1,dense,Dense,74,0.0026117310607855384
dense_seed42_stage1,dense,Dense,75,0.002551787184239266
dense_seed42_stage1,dense,Dense,76,0.002544380796880045
dense_seed42_stage1,dense,Dense,77,0.0025054096622625366
dense_seed42_stage1,dense,Dense,78,0.00249564342455879
dense_seed42_stage1,dense,Dense,79,0.002472355502949869
dense_seed42_stage1,dense,Dense,80,0.0023435670653348195
dense_seed42_stage1,dense,Dense,81,0.0023263106732554933
dense_seed42_stage1,dense,Dense,82,0.0023203241786525705
dense_seed42_stage1,dense,Dense,83,0.0023030279448226173
dense_seed42_stage1,dense,Dense,84,0.002269077521904887
dense_seed42_stage1,dense,Dense,85,0.002288202013934348
dense_seed42_stage1,dense,Dense,86,0.002274350341820614
dense_seed42_stage1,dense,Dense,87,0.002258131770971925
dense_seed42_stage1,dense,Dense,88,0.0022781703037833994
dense_seed42_stage1,dense,Dense,89,0.0022457701242603162
dense_seed42_stage1,dense,Dense,90,0.0022416426849729836
dense_seed42_stage1,dense,Dense,91,0.0022547787325976894
dense_seed42_stage1,dense,Dense,92,0.0022331369415970834
dense_seed42_stage1,dense,Dense,93,0.002218859144511256
dense_seed42_stage1,dense,Dense,94,0.0022128035259888846
dense_seed42_stage1,dense,Dense,95,0.0022105798383795735
dense_seed42_stage1,dense,Dense,96,0.00219266985770949
dense_seed42_stage1,dense,Dense,97,0.0021969734203749077
dense_seed42_stage1,dense,Dense,98,0.002171757101252219
dense_seed42_stage1,dense,Dense,99,0.002176845582769292
dense_seed42_stage1,dense,Dense,100,0.0021739495949735467
dense_seed42_stage1,dense,Dense,101,0.0021580674424222573
dense_seed42_stage1,dense,Dense,102,0.0021619043493162882
dense_seed42_stage1,dense,Dense,103,0.0021761842864625
dense_seed42_stage1,dense,Dense,104,0.002141453775000124
dense_seed42_stage1,dense,Dense,105,0.00215815564715353
dense_seed42_stage1,dense,Dense,106,0.002133272300310869
dense_seed42_stage1,dense,Dense,107,0.002128927071177539
dense_seed42_stage1,dense,Dense,108,0.002131433313479647
dense_seed42_stage1,dense,Dense,109,0.002123201554492512
dense_seed42_stage1,dense,Dense,110,0.0021046152003381916
dense_seed42_stage1,dense,Dense,111,0.002107435308255632
dense_seed42_stage1,dense,Dense,112,0.0021102961454357197
dense_seed42_stage1,dense,Dense,113,0.002100538976980928
dense_seed42_stage1,dense,Dense,114,0.0020856242589751615
dense_seed42_stage1,dense,Dense,115,0.002078334289105074
dense_seed42_stage1,dense,Dense,116,0.00208972006549494
dense_seed42_stage1,dense,Dense,117,0.002068561207356942
dense_seed42_stage1,dense,Dense,118,0.002069611715690352
dense_seed42_stage1,dense,Dense,119,0.0020726100802347263
dense_seed42_stage1,dense,Dense,120,0.002053581575115033
dense_seed42_stage1,dense,Dense,121,0.0020708303138157946
dense_seed42_stage1,dense,Dense,122,0.002052942164579129
dense_seed42_stage1,dense,Dense,123,0.002049770717697337
dense_seed42_stage1,dense,Dense,124,0.002049839448250652
dense_seed42_stage1,dense,Dense,125,0.0020381921696095194
dense_seed42_stage1,dense,Dense,126,0.002028054622759884
dense_seed42_stage1,dense,Dense,127,0.002027365507525788
dense_seed42_stage1,dense,Dense,128,0.0020121513448526805
dense_seed42_stage1,dense,Dense,129,0.0020271849742981587
dense_seed42_stage1,dense,Dense,130,0.001999458873042579
dense_seed42_stage1,dense,Dense,131,0.0020131938864769256
dense_seed42_stage1,dense,Dense,132,0.0019887505189585004
dense_seed42_stage1,dense,Dense,133,0.002000694592889557
dense_seed42_stage1,dense,Dense,134,0.0019876931219961137
dense_seed42_stage1,dense,Dense,135,0.0020063676167913574
dense_seed42_stage1,dense,Dense,136,0.0019878609207498424
dense_seed42_stage1,dense,Dense,137,0.0019906149756663697
dense_seed42_stage1,dense,Dense,138,0.0019791746138040213
dense_seed42_stage1,dense,Dense,139,0.001955649955407159
dense_seed42_stage1,dense,Dense,140,0.001957803652832344
dense_seed42_stage1,dense,Dense,141,0.001938864981639199
dense_seed42_stage1,dense,Dense,142,0.001963080255317185
dense_seed42_stage1,dense,Dense,143,0.001943146858545159
dense_seed42_stage1,dense,Dense,144,0.0019380706015657237
dense_seed42_stage1,dense,Dense,145,0.0019361905040259056
dense_seed42_stage1,dense,Dense,146,0.001925921432012593
dense_seed42_stage1,dense,Dense,147,0.0019388730619771485
dense_seed42_stage1,dense,Dense,148,0.001926792794194548
dense_seed42_stage1,dense,Dense,149,0.0019266258013692307
pce_seed42_stage1,pce,B1,0,0.30002787205925646
pce_seed42_stage1,pce,B1,1,0.1125442313446485
pce_seed42_stage1,pce,B1,2,0.06422821490807419
pce_seed42_stage1,pce,B1,3,0.05254244127934997
pce_seed42_stage1,pce,B1,4,0.03874809062418013
pce_seed42_stage1,pce,B1,5,0.02745014551854841
pce_seed42_stage1,pce,B1,6,0.024147546099637575
pce_seed42_stage1,pce,B1,7,0.018939711656322345
pce_seed42_stage1,pce,B1,8,0.013418451404852911
pce_seed42_stage1,pce,B1,9,0.01495625000082308
pce_seed42_stage1,pce,B1,10,0.008362694726356689
pce_seed42_stage1,pce,B1,11,0.009517946220164069
pce_seed42_stage1,pce,B1,12,0.006535087223894268
pce_seed42_stage1,pce,B1,13,0.005463673730765607
pce_seed42_stage1,pce,B1,14,0.005263223655190891
pce_seed42_stage1,pce,B1,15,0.004400861295090045
pce_seed42_stage1,pce,B1,16,0.005282851596677303
pce_seed42_stage1,pce,B1,17,0.004381255560387449
pce_seed42_stage1,pce,B1,18,0.005487163846205379
pce_seed42_stage1,pce,B1,19,0.003950389558423361
pce_seed42_stage1,pce,B1,20,0.003191384208335837
pce_seed42_stage1,pce,B1,21,0.002267941844307193
pce_seed42_stage1,pce,B1,22,0.003159992640989719
pce_seed42_stage1,pce,B1,23,0.003542622410141072
pce_seed42_stage1,pce,B1,24,0.002557507657063815
pce_seed42_stage1,pce,B1,25,0.0024778468725847407
pce_seed42_stage1,pce,B1,26,0.0036147714960397355
pce_seed42_stage1,pce,B1,27,0.0023232454065227432
pce_seed42_stage1,pce,B1,28,0.004213497017983482
pce_seed42_stage1,pce,B1,29,0.0035636157380071034
pce_seed42_stage1,pce,B1,30,0.002420384631609625
pce_seed42_stage1,pce,B1,31,0.0019129236369354158
pce_seed42_stage1,pce,B1,32,0.0017488174135673654
pce_seed42_stage1,pce,B1,33,0.0016762194782470343
pce_seed42_stage1,pce,B1,34,0.0016326461092197125
pce_seed42_stage1,pce,B1,35,0.0015198937357262308
pce_seed42_stage1,pce,B1,36,0.0020145815136877543
pce_seed42_stage1,pce,B1,37,0.00225411077579512
pce_seed42_stage1,pce,B1,38,0.0017516813050900857
pce_seed42_stage1,pce,B1,39,0.0015843325207326193
pce_seed42_stage1,pce,B1,40,0.0017881280660390075
pce_seed42_stage1,pce,B1,41,0.001838938973859745
pce_seed42_stage1,pce,B1,42,0.0014419665767986965
pce_seed42_stage1,pce,B1,43,0.001243641137095094
pce_seed42_stage1,pce,B1,44,0.0014396204847596824
pce_seed42_stage1,pce,B1,45,0.0016760267369451934
pce_seed42_stage1,pce,B1,46,0.0017671618486033028
pce_seed42_stage1,pce,B1,47,0.001437802069682085
pce_seed42_stage1,pce,B1,48,0.0011036706541206736
pce_seed42_stage1,pce,B1,49,0.0011351220905668048
pce_seed42_stage1,pce,B1,50,0.001168441660589884
pce_seed42_stage1,pce,B1,51,0.001122298040551162
pce_seed42_stage1,pce,B1,52,0.0010467325735008858
pce_seed42_stage1,pce,B1,53,0.0010191493798073646
pce_seed42_stage1,pce,B1,54,0.0010575272332339276
pce_seed42_stage1,pce,B1,55,0.0019513963113858628
pce_seed42_stage1,pce,B1,56,0.0012771997993474224
pce_seed42_stage1,pce,B1,57,0.001212128646418393
pce_seed42_stage1,pce,B1,58,0.0012087489292624608
pce_seed42_stage1,pce,B1,59,0.0021200430694075004
pce_seed42_stage1,pce,B1,60,0.0019007944567739495
pce_seed42_stage1,pce,B1,61,0.0012050773061359227
pce_seed42_stage1,pce,B1,62,0.0009974751265059588
pce_seed42_stage1,pce,B1,63,0.000909556107067848
pce_seed42_stage1,pce,B1,64,0.000862916348680792
pce_seed42_stage1,pce,B1,65,0.0010813174097932538
pce_seed42_stage1,pce,B1,66,0.0012187243477746338
pce_seed42_stage1,pce,B1,67,0.0012078008313429283
pce_seed42_stage1,pce,B1,68,0.001203964340698438
pce_seed42_stage1,pce,B1,69,0.001062247901067641
pce_seed42_stage1,pce,B1,70,0.0010387951733072044
pce_seed42_stage1,pce,B1,71,0.000874981314182985
pce_seed42_stage1,pce,B1,72,0.0009186897557486147
pce_seed42_stage1,pce,B1,73,0.0009778889241517919
pce_seed42_stage1,pce,B1,74,0.000837483094640452
pce_seed42_stage1,pce,B1,75,0.0007256208070390539
pce_seed42_stage1,pce,B1,76,0.0007275915343051205
pce_seed42_stage1,pce,B1,77,0.0007448619666425376
pce_seed42_stage1,pce,B1,78,0.0007776711666639236
pce_seed42_stage1,pce,B1,79,0.0007238624956260645
pce_seed42_stage1,pce,B1,80,0.00069342319947
pce_seed42_stage1,pce,B1,81,0.0005501045181776053
pce_seed42_stage1,pce,B1,82,0.0004946869040117975
pce_seed42_stage1,pce,B1,83,0.0004230782340281218
pce_seed42_stage1,pce,B1,84,0.00046370967776022037
pce_seed42_stage1,pce,B1,85,0.0005099352212614528
pce_seed42_stage1,pce,B1,86,0.0004527057679673269
pce_seed42_stage1,pce,B1,87,0.0005027793723439316
pce_seed42_stage1,pce,B1,88,0.00043055352185206175
pce_seed42_stage1,pce,B1,89,0.00044296647602721503
pce_seed42_stage1,pce,B1,90,0.00041729978574006973
pce_seed42_stage1,pce,B1,91,0.00038835797332919966
pce_seed42_stage1,pce,B1,92,0.00043374948504793897
pce_seed42_stage1,pce,B1,93,0.000435725576711348
pce_seed42_stage1,pce,B1,94,0.0004135940085236138
pce_seed42_stage1,pce,B1,95,0.0004242339341760151
pce_seed42_stage1,pce,B1,96,0.0004366990454298622
pce_seed42_stage1,pce,B1,97,0.00040526472234119485
pce_seed42_stage1,pce,B1,98,0.00042997192031232935
pce_seed42_stage1,pce,B1,99,0.0004027522085532128
pce_seed42_stage1,pce,B1,100,0.000437468630678194
pce_seed42_stage1,pce,B1,101,0.000392605481173048
pce_seed42_stage1,pce,B1,102,0.0003942335768201133
pce_seed42_stage1,pce,B1,103,0.0003427049696425044
pce_seed42_stage1,pce,B1,104,0.0003904415514153592
pce_seed42_stage1,pce,B1,105,0.0003707313567420662
pce_seed42_stage1,pce,B1,106,0.0003370683003613511
pce_seed42_stage1,pce,B1,107,0.00033092573107010596
pce_seed42_stage1,pce,B1,108,0.00038624179875235143
pce_seed42_stage1,pce,B1,109,0.0003735151202539313
pce_seed42_stage1,pce,B1,110,0.00040244674549940173
pce_seed42_stage1,pce,B1,111,0.00035693757632449685
pce_seed42_stage1,pce,B1,112,0.0004099182824175996
pce_seed42_stage1,pce,B1,113,0.00043392307276356385
pce_seed42_stage1,pce,B1,114,0.0003918912252543731
pce_seed42_stage1,pce,B1,115,0.0004240289905096277
pce_seed42_stage1,pce,B1,116,0.0003812492650619082
pce_seed42_stage1,pce,B1,117,0.00038422617156326174
pce_seed42_stage1,pce,B1,118,0.0005468272696610881
pce_seed42_stage1,pce,B1,119,0.0005245943919555484
pce_seed42_stage1,pce,B1,120,0.0003878534359366822
pce_seed42_stage1,pce,B1,121,0.0003616335528936878
pce_seed42_stage1,pce,B1,122,0.00042538154137250245
pce_seed42_stage1,pce,B1,123,0.0003620566870819145
pce_seed42_stage1,pce,B1,124,0.00035350521649802735
pce_seed42_stage1,pce,B1,125,0.000337849648007207
pce_seed42_stage1,pce,B1,126,0.000339189701903613
pce_seed42_stage1,pce,B1,127,0.00034925538433107156
pce_seed42_stage1,pce,B1,128,0.00030611723477121246
pce_seed42_stage1,pce,B1,129,0.0003253062412913691
pce_seed42_stage1,pce,B1,130,0.00035855318426624317
pce_seed42_stage1,pce,B1,131,0.0004137482506385995
pce_seed42_stage1,pce,B1,132,0.0003811686761170196
pce_seed42_stage1,pce,B1,133,0.0004413504857570492
pce_seed42_stage1,pce,B1,134,0.00033834567919178787
pce_seed42_stage1,pce,B1,135,0.00031565461235053764
pce_seed42_stage1,pce,B1,136,0.0002561445486880177
pce_seed42_stage1,pce,B1,137,0.0003204903504875888
pce_seed42_stage1,pce,B1,138,0.00029197400311017387
pce_seed42_stage1,pce,B1,139,0.00029154712440050717
pce_seed42_stage1,pce,B1,140,0.0003161192855896867
pce_seed42_stage1,pce,B1,141,0.00031793093354222043
pce_seed42_stage1,pce,B1,142,0.0002714049634008649
pce_seed42_stage1,pce,B1,143,0.00029955999030420043
pce_seed42_stage1,pce,B1,144,0.00038201744108637235
pce_seed42_stage1,pce,B1,145,0.0003347440279196055
pce_seed42_stage1,pce,B1,146,0.00031316831551445577
pce_seed42_stage1,pce,B1,147,0.0002933313221159599
pce_seed42_stage1,pce,B1,148,0.00031566284853813714
pce_seed42_stage1,pce,B1,149,0.0002785807769220207
zs_seed42_stage1,zs,B1,0,0.3228078621459451
zs_seed42_stage1,zs,B1,1,0.11549732154433398
zs_seed42_stage1,zs,B1,2,0.07735160138319305
zs_seed42_stage1,zs,B1,3,0.05233800581884273
zs_seed42_stage1,zs,B1,4,0.04896573801624014
zs_seed42_stage1,zs,B1,5,0.03479833749588579
zs_seed42_stage1,zs,B1,6,0.02596408523683575
zs_seed42_stage1,zs,B1,7,0.01940935665736609
zs_seed42_stage1,zs,B1,8,0.013900346121443634
zs_seed42_stage1,zs,B1,9,0.01562638979211965
zs_seed42_stage1,zs,B1,10,0.01320772631368798
zs_seed42_stage1,zs,B1,11,0.015508236658903076
zs_seed42_stage1,zs,B1,12,0.01087494635771207
zs_seed42_stage1,zs,B1,13,0.008346833787769316
zs_seed42_stage1,zs,B1,14,0.01060877927762278
zs_seed42_stage1,zs,B1,15,0.0070350652014430455
zs_seed42_stage1,zs,B1,16,0.006551367870378407
zs_seed42_stage1,zs,B1,17,0.006087660233730431
zs_seed42_stage1,zs,B1,18,0.005516970618083043
zs_seed42_stage1,zs,B1,19,0.004758805521402231
zs_seed42_stage1,zs,B1,20,0.004287089823381084
zs_seed42_stage1,zs,B1,21,0.00384970604283537
zs_seed42_stage1,zs,B1,22,0.003886127188378212
zs_seed42_stage1,zs,B1,23,0.005890772250379396
zs_seed42_stage1,zs,B1,24,0.0047066510014701635
zs_seed42_stage1,zs,B1,25,0.004809136336181372
zs_seed42_stage1,zs,B1,26,0.00573574852302393
zs_seed42_stage1,zs,B1,27,0.004147867351074386
zs_seed42_stage1,zs,B1,28,0.003950957911079155
zs_seed42_stage1,zs,B1,29,0.003420638179646785
zs_seed42_stage1,zs,B1,30,0.0029603561901665747
zs_seed42_stage1,zs,B1,31,0.0034679884925123026
zs_seed42_stage1,zs,B1,32,0.006465040764367664
zs_seed42_stage1,zs,B1,33,0.00629112080756347
zs_seed42_stage1,zs,B1,34,0.003511225784251942
zs_seed42_stage1,zs,B1,35,0.0032818453876237246
zs_seed42_stage1,zs,B1,36,0.011446111174820467
zs_seed42_stage1,zs,B1,37,0.006104226514233891
zs_seed42_stage1,zs,B1,38,0.0047178534181550776
zs_seed42_stage1,zs,B1,39,0.003928663861749575
zs_seed42_stage1,zs,B1,40,0.003351860353042015
zs_seed42_stage1,zs,B1,41,0.003052879304456663
zs_seed42_stage1,zs,B1,42,0.0028128830992809914
zs_seed42_stage1,zs,B1,43,0.0024862379396700875
zs_seed42_stage1,zs,B1,44,0.002663802619010428
zs_seed42_stage1,zs,B1,45,0.0027279510397149468
zs_seed42_stage1,zs,B1,46,0.003573043890200813
zs_seed42_stage1,zs,B1,47,0.0043236362426467435
zs_seed42_stage1,zs,B1,48,0.019839733715188948
zs_seed42_stage1,zs,B1,49,0.005220018474613019
zs_seed42_stage1,zs,B1,50,0.003419063185921256
zs_seed42_stage1,zs,B1,51,0.0031671655436165316
zs_seed42_stage1,zs,B1,52,0.0028479051131611454
zs_seed42_stage1,zs,B1,53,0.0025453021095946746
zs_seed42_stage1,zs,B1,54,0.002424393983637082
zs_seed42_stage1,zs,B1,55,0.002193068297353246
zs_seed42_stage1,zs,B1,56,0.002062189766760678
zs_seed42_stage1,zs,B1,57,0.0021313225966259003
zs_seed42_stage1,zs,B1,58,0.002121482204839072
zs_seed42_stage1,zs,B1,59,0.002097481359359858
zs_seed42_stage1,zs,B1,60,0.002039329816978623
zs_seed42_stage1,zs,B1,61,0.0019181807405634862
zs_seed42_stage1,zs,B1,62,0.0018374911678813775
zs_seed42_stage1,zs,B1,63,0.0017189962044482099
zs_seed42_stage1,zs,B1,64,0.0018229493787735105
zs_seed42_stage1,zs,B1,65,0.002401283388725789
zs_seed42_stage1,zs,B1,66,0.0020127708150849163
zs_seed42_stage1,zs,B1,67,0.002121656078088563
zs_seed42_stage1,zs,B1,68,0.0018534245326473535
zs_seed42_stage1,zs,B1,69,0.0017154681915231545
zs_seed42_stage1,zs,B1,70,0.0015936436313031084
zs_seed42_stage1,zs,B1,71,0.0016511690549297318
zs_seed42_stage1,zs,B1,72,0.0017150419725828427
zs_seed42_stage1,zs,B1,73,0.001823136063436284
zs_seed42_stage1,zs,B1,74,0.0017433999545322335
zs_seed42_stage1,zs,B1,75,0.0015902139501586714
zs_seed42_stage1,zs,B1,76,0.0016072998108203583
zs_seed42_stage1,zs,B1,77,0.0016879337431709382
zs_seed42_stage1,zs,B1,78,0.001878881743555502
zs_seed42_stage1,zs,B1,79,0.001588643372939414
zs_seed42_stage1,zs,B1,80,0.0013287809008343562
zs_seed42_stage1,zs,B1,81,0.0012507530513214582
zs_seed42_stage1,zs,B1,82,0.0012089839656255208
zs_seed42_stage1,zs,B1,83,0.001135288696380659
zs_seed42_stage1,zs,B1,84,0.001171795515085947
zs_seed42_stage1,zs,B1,85,0.00116733253959497
zs_seed42_stage1,zs,B1,86,0.0011167938868543678
zs_seed42_stage1,zs,B1,87,0.0011530730367435064
zs_seed42_stage1,zs,B1,88,0.0011515659171756
zs_seed42_stage1,zs,B1,89,0.001147351402323693
zs_seed42_stage1,zs,B1,90,0.0010337573904952808
zs_seed42_stage1,zs,B1,91,0.0010110406654619394
zs_seed42_stage1,zs,B1,92,0.0010092669345272527
zs_seed42_stage1,zs,B1,93,0.0011822990967862387
zs_seed42_stage1,zs,B1,94,0.001108594432267598
zs_seed42_stage1,zs,B1,95,0.001154316269635951
zs_seed42_stage1,zs,B1,96,0.0011560094033174731
zs_seed42_stage1,zs,B1,97,0.001054312423412797
zs_seed42_stage1,zs,B1,98,0.0011995125099387455
zs_seed42_stage1,zs,B1,99,0.0010398209742561448
zs_seed42_stage1,zs,B1,100,0.001002071167254434
zs_seed42_stage1,zs,B1,101,0.0009943431322561934
zs_seed42_stage1,zs,B1,102,0.001030679640686511
zs_seed42_stage1,zs,B1,103,0.0010119605720590582
zs_seed42_stage1,zs,B1,104,0.0010204076258579586
zs_seed42_stage1,zs,B1,105,0.0010252296536798005
zs_seed42_stage1,zs,B1,106,0.0010321055246520778
zs_seed42_stage1,zs,B1,107,0.0009645152842611114
zs_seed42_stage1,zs,B1,108,0.0010437879121882167
zs_seed42_stage1,zs,B1,109,0.0009426054619209336
zs_seed42_stage1,zs,B1,110,0.0009681204886719376
zs_seed42_stage1,zs,B1,111,0.0009785724760149606
zs_seed42_stage1,zs,B1,112,0.001029178490345193
zs_seed42_stage1,zs,B1,113,0.0010393476120643366
zs_seed42_stage1,zs,B1,114,0.0010333896223412322
zs_seed42_stage1,zs,B1,115,0.0010431792826684034
zs_seed42_stage1,zs,B1,116,0.0010221562064389024
zs_seed42_stage1,zs,B1,117,0.0010866766789788132
zs_seed42_stage1,zs,B1,118,0.000980724855833885
zs_seed42_stage1,zs,B1,119,0.001060778769897297
zs_seed42_stage1,zs,B1,120,0.0009821794458517578
zs_seed42_stage1,zs,B1,121,0.0009036626373578675
zs_seed42_stage1,zs,B1,122,0.0009633041841647975
zs_seed42_stage1,zs,B1,123,0.0009189118868658974
zs_seed42_stage1,zs,B1,124,0.0010334404954498516
zs_seed42_stage1,zs,B1,125,0.0009361539798308203
zs_seed42_stage1,zs,B1,126,0.0009677704749381209
zs_seed42_stage1,zs,B1,127,0.0009301576091216857
zs_seed42_stage1,zs,B1,128,0.0009734626032599059
zs_seed42_stage1,zs,B1,129,0.0010071135307333997
zs_seed42_stage1,zs,B1,130,0.0009647184083308836
zs_seed42_stage1,zs,B1,131,0.0010262490086074166
zs_seed42_stage1,zs,B1,132,0.0008827646484628241
zs_seed42_stage1,zs,B1,133,0.0009292421685692735
zs_seed42_stage1,zs,B1,134,0.0008628094709568726
zs_seed42_stage1,zs,B1,135,0.0008536424913395325
zs_seed42_stage1,zs,B1,136,0.0007997975599403404
zs_seed42_stage1,zs,B1,137,0.0009691169979440871
zs_seed42_stage1,zs,B1,138,0.0008929579964890937
zs_seed42_stage1,zs,B1,139,0.000870161872026461
zs_seed42_stage1,zs,B1,140,0.0008886757351958411
zs_seed42_stage1,zs,B1,141,0.0008917540346490259
zs_seed42_stage1,zs,B1,142,0.0007896662971185659
zs_seed42_stage1,zs,B1,143,0.0008359831067246751
zs_seed42_stage1,zs,B1,144,0.0008387905888431557
zs_seed42_stage1,zs,B1,145,0.0008461944409181671
zs_seed42_stage1,zs,B1,146,0.0008052299093291599
zs_seed42_stage1,zs,B1,147,0.0008110711928469406
zs_seed42_stage1,zs,B1,148,0.0009262292694481229
zs_seed42_stage1,zs,B1,149,0.0010736235277324746
pce_seed42_stage1,pce,B2,0,0.28751922080768866
pce_seed42_stage1,pce,B2,1,0.10347482132566894
pce_seed42_stage1,pce,B2,2,0.06352689988326599
pce_seed42_stage1,pce,B2,3,0.04564211545809311
pce_seed42_stage1,pce,B2,4,0.039124042218045746
pce_seed42_stage1,pce,B2,5,0.023082539884118423
pce_seed42_stage1,pce,B2,6,0.019518979307093183
pce_seed42_stage1,pce,B2,7,0.01690201524368294
pce_seed42_stage1,pce,B2,8,0.01198864938495272
pce_seed42_stage1,pce,B2,9,0.01030685963602043
pce_seed42_stage1,pce,B2,10,0.006583991876702404
pce_seed42_stage1,pce,B2,11,0.009149418036611949
pce_seed42_stage1,pce,B2,12,0.0049704244387361
pce_seed42_stage1,pce,B2,13,0.004480972831380371
pce_seed42_stage1,pce,B2,14,0.0056496893078648545
pce_seed42_stage1,pce,B2,15,0.004743175934823314
pce_seed42_stage1,pce,B2,16,0.004634002945469082
pce_seed42_stage1,pce,B2,17,0.0033633987337414006
pce_seed42_stage1,pce,B2,18,0.002880509470490692
pce_seed42_stage1,pce,B2,19,0.002850130802157087
pce_seed42_stage1,pce,B2,20,0.002400110329033928
pce_seed42_stage1,pce,B2,21,0.0021241238633747535
pce_seed42_stage1,pce,B2,22,0.002155337374673802
pce_seed42_stage1,pce,B2,23,0.002408584394110695
pce_seed42_stage1,pce,B2,24,0.0021295551742711986
pce_seed42_stage1,pce,B2,25,0.0020332205057350602
pce_seed42_stage1,pce,B2,26,0.002318319060742261
pce_seed42_stage1,pce,B2,27,0.0020792345000622747
pce_seed42_stage1,pce,B2,28,0.002668820179136906
pce_seed42_stage1,pce,B2,29,0.002315661702847679
pce_seed42_stage1,pce,B2,30,0.002248654444725433
pce_seed42_stage1,pce,B2,31,0.0018991396073892383
pce_seed42_stage1,pce,B2,32,0.0014217115619196213
pce_seed42_stage1,pce,B2,33,0.0016362085863047856
pce_seed42_stage1,pce,B2,34,0.0014673537772562262
pce_seed42_stage1,pce,B2,35,0.0015888075553160443
pce_seed42_stage1,pce,B2,36,0.0018487010876100385
pce_seed42_stage1,pce,B2,37,0.002649991414108762
pce_seed42_stage1,pce,B2,38,0.0023637832455569103
pce_seed42_stage1,pce,B2,39,0.0017129704447239767
pce_seed42_stage1,pce,B2,40,0.0012557107457140811
pce_seed42_stage1,pce,B2,41,0.001144355839318102
pce_seed42_stage1,pce,B2,42,0.0009564270377785896
pce_seed42_stage1,pce,B2,43,0.0009479421562724247
pce_seed42_stage1,pce,B2,44,0.0010750443710340985
pce_seed42_stage1,pce,B2,45,0.001498188600224123
pce_seed42_stage1,pce,B2,46,0.0014623016553980022
pce_seed42_stage1,pce,B2,47,0.001350279572931113
pce_seed42_stage1,pce,B2,48,0.0018501207522400906
pce_seed42_stage1,pce,B2,49,0.0014247768482548847
pce_seed42_stage1,pce,B2,50,0.0010857714155789874
pce_seed42_stage1,pce,B2,51,0.0010731822089608014
pce_seed42_stage1,pce,B2,52,0.0018428198815692493
pce_seed42_stage1,pce,B2,53,0.0012121407343912286
pce_seed42_stage1,pce,B2,54,0.000970476807016768
pce_seed42_stage1,pce,B2,55,0.0007976547527140069
pce_seed42_stage1,pce,B2,56,0.0007020219999808529
pce_seed42_stage1,pce,B2,57,0.0007269309240111635
pce_seed42_stage1,pce,B2,58,0.0006914229093580316
pce_seed42_stage1,pce,B2,59,0.0007080332445064733
pce_seed42_stage1,pce,B2,60,0.0006557463356648501
pce_seed42_stage1,pce,B2,61,0.0009033079540681127
pce_seed42_stage1,pce,B2,62,0.0009044012374609319
pce_seed42_stage1,pce,B2,63,0.0008709605502521628
pce_seed42_stage1,pce,B2,64,0.0008782210050417524
pce_seed42_stage1,pce,B2,65,0.0009051263765876626
pce_seed42_stage1,pce,B2,66,0.0007137285008410198
pce_seed42_stage1,pce,B2,67,0.0008075244832953781
pce_seed42_stage1,pce,B2,68,0.0009236349272334018
pce_seed42_stage1,pce,B2,69,0.0010041148775671706
pce_seed42_stage1,pce,B2,70,0.0009162667028832363
pce_seed42_stage1,pce,B2,71,0.0008759221058954714
pce_seed42_stage1,pce,B2,72,0.0009024224126935291
pce_seed42_stage1,pce,B2,73,0.000800511442954131
pce_seed42_stage1,pce,B2,74,0.0006739013015312424
pce_seed42_stage1,pce,B2,75,0.0006258784694629584
pce_seed42_stage1,pce,B2,76,0.0006016192743926056
pce_seed42_stage1,pce,B2,77,0.0005957296217275748
pce_seed42_stage1,pce,B2,78,0.0005283795296479445
pce_seed42_stage1,pce,B2,79,0.00047130035960390884
pce_seed42_stage1,pce,B2,80,0.0004846503778868461
pce_seed42_stage1,pce,B2,81,0.00040688866465038795
pce_seed42_stage1,pce,B2,82,0.0004145874696170137
pce_seed42_stage1,pce,B2,83,0.00036324893377674076
pce_seed42_stage1,pce,B2,84,0.00036901687181753874
pce_seed42_stage1,pce,B2,85,0.00040382317262842277
pce_seed42_stage1,pce,B2,86,0.0003782453989090977
pce_seed42_stage1,pce,B2,87,0.0004185064065694028
pce_seed42_stage1,pce,B2,88,0.0003954269528913995
pce_seed42_stage1,pce,B2,89,0.0003923093849124975
pce_seed42_stage1,pce,B2,90,0.0003617765804152777
pce_seed42_stage1,pce,B2,91,0.00035301707736496
pce_seed42_stage1,pce,B2,92,0.0003653872465930481
pce_seed42_stage1,pce,B2,93,0.00035986443528670674
pce_seed42_stage1,pce,B2,94,0.00034218224789128726
pce_seed42_stage1,pce,B2,95,0.00034195817151261537
pce_seed42_stage1,pce,B2,96,0.00034241725770216134
pce_seed42_stage1,pce,B2,97,0.00034435637179252893
pce_seed42_stage1,pce,B2,98,0.000325682093126244
pce_seed42_stage1,pce,B2,99,0.0003027644419501151
pce_seed42_stage1,pce,B2,100,0.00034831747724551487
pce_seed42_stage1,pce,B2,101,0.0003140062741540484
pce_seed42_stage1,pce,B2,102,0.00035642214226299377
pce_seed42_stage1,pce,B2,103,0.00031691749601341166
pce_seed42_stage1,pce,B2,104,0.00034126820252914573
pce_seed42_stage1,pce,B2,105,0.0003175514949474446
pce_seed42_stage1,pce,B2,106,0.00031250736389613985
pce_seed42_stage1,pce,B2,107,0.00030676237262013275
pce_seed42_stage1,pce,B2,108,0.00038291865226913985
pce_seed42_stage1,pce,B2,109,0.0003351063526356133
pce_seed42_stage1,pce,B2,110,0.0003688512237998721
pce_seed42_stage1,pce,B2,111,0.000358572002917051
pce_seed42_stage1,pce,B2,112,0.0003584500894280827
pce_seed42_stage1,pce,B2,113,0.0003726329356404579
pce_seed42_stage1,pce,B2,114,0.0003171054433033321
pce_seed42_stage1,pce,B2,115,0.00030351883856780056
pce_seed42_stage1,pce,B2,116,0.0003097250923833853
pce_seed42_stage1,pce,B2,117,0.0003342339156212555
pce_seed42_stage1,pce,B2,118,0.0003111409179297387
pce_seed42_stage1,pce,B2,119,0.00029571787737424566
pce_seed42_stage1,pce,B2,120,0.00026848744133148365
pce_seed42_stage1,pce,B2,121,0.0002530999513053762
pce_seed42_stage1,pce,B2,122,0.00027690705299017373
pce_seed42_stage1,pce,B2,123,0.00026087362319347746
pce_seed42_stage1,pce,B2,124,0.000271381066378178
pce_seed42_stage1,pce,B2,125,0.0002895686747516317
pce_seed42_stage1,pce,B2,126,0.0002788897730616274
pce_seed42_stage1,pce,B2,127,0.00029076276003353726
pce_seed42_stage1,pce,B2,128,0.0002696162737080878
pce_seed42_stage1,pce,B2,129,0.00029015300405797246
pce_seed42_stage1,pce,B2,130,0.0004280699103826135
pce_seed42_stage1,pce,B2,131,0.0005219853024834735
pce_seed42_stage1,pce,B2,132,0.0004300372401710144
pce_seed42_stage1,pce,B2,133,0.00036004091783420464
pce_seed42_stage1,pce,B2,134,0.0003511935551667355
pce_seed42_stage1,pce,B2,135,0.00030271580230725796
pce_seed42_stage1,pce,B2,136,0.0002615666130134075
pce_seed42_stage1,pce,B2,137,0.0003510072424783378
pce_seed42_stage1,pce,B2,138,0.00039559785157512414
pce_seed42_stage1,pce,B2,139,0.0002694039596278986
pce_seed42_stage1,pce,B2,140,0.00028362551823037124
pce_seed42_stage1,pce,B2,141,0.0002761444182970371
pce_seed42_stage1,pce,B2,142,0.00022432542272961175
pce_seed42_stage1,pce,B2,143,0.00023921412995572998
pce_seed42_stage1,pce,B2,144,0.00027915353672124083
pce_seed42_stage1,pce,B2,145,0.00026451803037012215
pce_seed42_stage1,pce,B2,146,0.00026735634856344043
pce_seed42_stage1,pce,B2,147,0.00025265215999016155
pce_seed42_stage1,pce,B2,148,0.0002635261503750573
pce_seed42_stage1,pce,B2,149,0.0002495592560676833
zs_seed42_stage1,zs,B2,0,0.35057724923133216
zs_seed42_stage1,zs,B2,1,0.11757990643580227
zs_seed42_stage1,zs,B2,2,0.07044360848847142
zs_seed42_stage1,zs,B2,3,0.05183238511845628
zs_seed42_stage1,zs,B2,4,0.0430294508783226
zs_seed42_stage1,zs,B2,5,0.04776795411809407
zs_seed42_stage1,zs,B2,6,0.02580302592461057
zs_seed42_stage1,zs,B2,7,0.0171372809229379
zs_seed42_stage1,zs,B2,8,0.013455042926386553
zs_seed42_stage1,zs,B2,9,0.018166124279501827
zs_seed42_stage1,zs,B2,10,0.01564338030863276
zs_seed42_stage1,zs,B2,11,0.015029804254733423
zs_seed42_stage1,zs,B2,12,0.009022084719308236
zs_seed42_stage1,zs,B2,13,0.007216441048745146
zs_seed42_stage1,zs,B2,14,0.009486926279273479
zs_seed42_stage1,zs,B2,15,0.007073903803718574
zs_seed42_stage1,zs,B2,16,0.006283164285049041
zs_seed42_stage1,zs,B2,17,0.005360009956193414
zs_seed42_stage1,zs,B2,18,0.005080103013476238
zs_seed42_stage1,zs,B2,19,0.004635727124665171
zs_seed42_stage1,zs,B2,20,0.004014181010326014
zs_seed42_stage1,zs,B2,21,0.0038276255221175465
zs_seed42_stage1,zs,B2,22,0.00394950214583932
zs_seed42_stage1,zs,B2,23,0.005351434313776368
zs_seed42_stage1,zs,B2,24,0.004416141897425095
zs_seed42_stage1,zs,B2,25,0.004400409378193101
zs_seed42_stage1,zs,B2,26,0.0041679889731545084
zs_seed42_stage1,zs,B2,27,0.003330046385328503
zs_seed42_stage1,zs,B2,28,0.003311180450490359
zs_seed42_stage1,zs,B2,29,0.0036768986263926674
zs_seed42_stage1,zs,B2,30,0.0030810203950634185
zs_seed42_stage1,zs,B2,31,0.002971346291931386
zs_seed42_stage1,zs,B2,32,0.004122016705142859
zs_seed42_stage1,zs,B2,33,0.003929952454587267
zs_seed42_stage1,zs,B2,34,0.002902289330488705
zs_seed42_stage1,zs,B2,35,0.0025956324887452054
zs_seed42_stage1,zs,B2,36,0.022967902762367032
zs_seed42_stage1,zs,B2,37,0.011262281565614877
zs_seed42_stage1,zs,B2,38,0.005691845662287496
zs_seed42_stage1,zs,B2,39,0.003959837909589739
zs_seed42_stage1,zs,B2,40,0.003512824060112991
zs_seed42_stage1,zs,B2,41,0.003160509741258253
zs_seed42_stage1,zs,B2,42,0.0028126949628324623
zs_seed42_stage1,zs,B2,43,0.0025809919771223153
zs_seed42_stage1,zs,B2,44,0.002997981433625373
zs_seed42_stage1,zs,B2,45,0.0027242835686651077
zs_seed42_stage1,zs,B2,46,0.0028328420605171134
zs_seed42_stage1,zs,B2,47,0.002447127771719874
zs_seed42_stage1,zs,B2,48,0.0022437650542532868
zs_seed42_stage1,zs,B2,49,0.002347939496487131
zs_seed42_stage1,zs,B2,50,0.002240484442309219
zs_seed42_stage1,zs,B2,51,0.002661983396157008
zs_seed42_stage1,zs,B2,52,0.0036441628828005708
zs_seed42_stage1,zs,B2,53,0.0021614918919983617
zs_seed42_stage1,zs,B2,54,0.0018790024097394594
zs_seed42_stage1,zs,B2,55,0.0018646040882734443
zs_seed42_stage1,zs,B2,56,0.0017244361162661239
zs_seed42_stage1,zs,B2,57,0.0016977077692454838
zs_seed42_stage1,zs,B2,58,0.0017075160568755894
zs_seed42_stage1,zs,B2,59,0.0016478375036967918
zs_seed42_stage1,zs,B2,60,0.0017488869503103296
zs_seed42_stage1,zs,B2,61,0.0017622061034458928
zs_seed42_stage1,zs,B2,62,0.001798151877394164
zs_seed42_stage1,zs,B2,63,0.0018086015253620065
zs_seed42_stage1,zs,B2,64,0.0016555164526080455
zs_seed42_stage1,zs,B2,65,0.0016378935193023744
zs_seed42_stage1,zs,B2,66,0.0015590821409553408
zs_seed42_stage1,zs,B2,67,0.0018904492967425192
zs_seed42_stage1,zs,B2,68,0.0019893365617385727
zs_seed42_stage1,zs,B2,69,0.001597163858024671
zs_seed42_stage1,zs,B2,70,0.0013261699523935294
zs_seed42_stage1,zs,B2,71,0.0013930873983747703
zs_seed42_stage1,zs,B2,72,0.001340519153095653
zs_seed42_stage1,zs,B2,73,0.001332490779570938
zs_seed42_stage1,zs,B2,74,0.001457231794391075
zs_seed42_stage1,zs,B2,75,0.0013980973624014988
zs_seed42_stage1,zs,B2,76,0.0014658620987555626
zs_seed42_stage1,zs,B2,77,0.0029484808831686214
zs_seed42_stage1,zs,B2,78,0.0023815165503889304
zs_seed42_stage1,zs,B2,79,0.001613249231168277
zs_seed42_stage1,zs,B2,80,0.0015548583336219073
zs_seed42_stage1,zs,B2,81,0.001352674511856984
zs_seed42_stage1,zs,B2,82,0.0012450894065934451
zs_seed42_stage1,zs,B2,83,0.0011470363524301531
zs_seed42_stage1,zs,B2,84,0.001165165099782245
zs_seed42_stage1,zs,B2,85,0.0011277883815172902
zs_seed42_stage1,zs,B2,86,0.0011143113427332285
zs_seed42_stage1,zs,B2,87,0.0011086965011038936
zs_seed42_stage1,zs,B2,88,0.0011244429904841223
zs_seed42_stage1,zs,B2,89,0.0011341026015059548
zs_seed42_stage1,zs,B2,90,0.0010097979111572174
zs_seed42_stage1,zs,B2,91,0.0009737076010849782
zs_seed42_stage1,zs,B2,92,0.000959682498161899
zs_seed42_stage1,zs,B2,93,0.001097281763770994
zs_seed42_stage1,zs,B2,94,0.0010109627815217345
zs_seed42_stage1,zs,B2,95,0.0010663106951006797
zs_seed42_stage1,zs,B2,96,0.0010798240042238327
zs_seed42_stage1,zs,B2,97,0.0010462366166819343
zs_seed42_stage1,zs,B2,98,0.0011402237395622193
zs_seed42_stage1,zs,B2,99,0.0009345094388644359
zs_seed42_stage1,zs,B2,100,0.0009392006018544558
zs_seed42_stage1,zs,B2,101,0.000943928981754691
zs_seed42_stage1,zs,B2,102,0.0009208086183284746
zs_seed42_stage1,zs,B2,103,0.0009578443358360017
zs_seed42_stage1,zs,B2,104,0.0009806557914379618
zs_seed42_stage1,zs,B2,105,0.0009791160381165025
zs_seed42_stage1,zs,B2,106,0.0009682842804629236
zs_seed42_stage1,zs,B2,107,0.0008692420187605634
zs_seed42_stage1,zs,B2,108,0.0010351046353691267
zs_seed42_stage1,zs,B2,109,0.0009249481765746555
zs_seed42_stage1,zs,B2,110,0.0009725896111086377
zs_seed42_stage1,zs,B2,111,0.0009578229074441937
zs_seed42_stage1,zs,B2,112,0.0009734667336043129
zs_seed42_stage1,zs,B2,113,0.0009234496139199225
zs_seed42_stage1,zs,B2,114,0.0009322396912698713
zs_seed42_stage1,zs,B2,115,0.0009279171309243154
zs_seed42_stage1,zs,B2,116,0.0009731630984498088
zs_seed42_stage1,zs,B2,117,0.0009770388549325017
zs_seed42_stage1,zs,B2,118,0.0009302142012103937
zs_seed42_stage1,zs,B2,119,0.000930482523743078
zs_seed42_stage1,zs,B2,120,0.000893235268681855
zs_seed42_stage1,zs,B2,121,0.0008710567367125669
zs_seed42_stage1,zs,B2,122,0.0009043506660747609
zs_seed42_stage1,zs,B2,123,0.0009260499240592756
zs_seed42_stage1,zs,B2,124,0.000993003920194361
zs_seed42_stage1,zs,B2,125,0.0008597575550548425
zs_seed42_stage1,zs,B2,126,0.0008816531977920912
zs_seed42_stage1,zs,B2,127,0.0008754111982620708
zs_seed42_stage1,zs,B2,128,0.0009149006125764882
zs_seed42_stage1,zs,B2,129,0.000807905354567412
zs_seed42_stage1,zs,B2,130,0.0008617188262739565
zs_seed42_stage1,zs,B2,131,0.000916027584490292
zs_seed42_stage1,zs,B2,132,0.0008304644476045221
zs_seed42_stage1,zs,B2,133,0.0008793450424297802
zs_seed42_stage1,zs,B2,134,0.0008141669109426538
zs_seed42_stage1,zs,B2,135,0.0008582894098505308
zs_seed42_stage1,zs,B2,136,0.0008180598417040644
zs_seed42_stage1,zs,B2,137,0.0009993585755434283
zs_seed42_stage1,zs,B2,138,0.0010070557274299604
zs_seed42_stage1,zs,B2,139,0.0009996008441877612
zs_seed42_stage1,zs,B2,140,0.000889832752247767
zs_seed42_stage1,zs,B2,141,0.0008925103410295746
zs_seed42_stage1,zs,B2,142,0.0008285631209102886
zs_seed42_stage1,zs,B2,143,0.0008240709788143694
zs_seed42_stage1,zs,B2,144,0.0008176554277250692
zs_seed42_stage1,zs,B2,145,0.0008165369934508914
zs_seed42_stage1,zs,B2,146,0.0007941393457084369
zs_seed42_stage1,zs,B2,147,0.000810055198715108
zs_seed42_stage1,zs,B2,148,0.0009058356752459386
zs_seed42_stage1,zs,B2,149,0.0007962819239610132
pce_seed42_stage1,pce,B3,0,0.29296374170387046
pce_seed42_stage1,pce,B3,1,0.11196834576672855
pce_seed42_stage1,pce,B3,2,0.0652548368088901
pce_seed42_stage1,pce,B3,3,0.041480829067369725
pce_seed42_stage1,pce,B3,4,0.0441930689799421
pce_seed42_stage1,pce,B3,5,0.02500434584811607
pce_seed42_stage1,pce,B3,6,0.01794968397564631
pce_seed42_stage1,pce,B3,7,0.01355463587985488
pce_seed42_stage1,pce,B3,8,0.009443675347125811
pce_seed42_stage1,pce,B3,9,0.00945213746107332
pce_seed42_stage1,pce,B3,10,0.006914842287981028
pce_seed42_stage1,pce,B3,11,0.00679143089880025
pce_seed42_stage1,pce,B3,12,0.005755531473078782
pce_seed42_stage1,pce,B3,13,0.004427627425587722
pce_seed42_stage1,pce,B3,14,0.004396932400924654
pce_seed42_stage1,pce,B3,15,0.004325189901648744
pce_seed42_stage1,pce,B3,16,0.0038476524129517665
pce_seed42_stage1,pce,B3,17,0.003332808264497331
pce_seed42_stage1,pce,B3,18,0.003030553481000831
pce_seed42_stage1,pce,B3,19,0.0028928825823505634
pce_seed42_stage1,pce,B3,20,0.0025519908786299445
pce_seed42_stage1,pce,B3,21,0.0023095630954133974
pce_seed42_stage1,pce,B3,22,0.00285465797095001
pce_seed42_stage1,pce,B3,23,0.003132663785859609
pce_seed42_stage1,pce,B3,24,0.0023937604175330307
pce_seed42_stage1,pce,B3,25,0.002131975657037285
pce_seed42_stage1,pce,B3,26,0.0022692566337446864
pce_seed42_stage1,pce,B3,27,0.0020709147714627605
pce_seed42_stage1,pce,B3,28,0.0019028559387573084
pce_seed42_stage1,pce,B3,29,0.0022778825604330044
pce_seed42_stage1,pce,B3,30,0.001666913149882231
pce_seed42_stage1,pce,B3,31,0.0017378502661910154
pce_seed42_stage1,pce,B3,32,0.0015933641546620918
pce_seed42_stage1,pce,B3,33,0.0019749733603412266
pce_seed42_stage1,pce,B3,34,0.0016094361931451166
pce_seed42_stage1,pce,B3,35,0.001536670537994213
pce_seed42_stage1,pce,B3,36,0.0018483900655325558
pce_seed42_stage1,pce,B3,37,0.0024446596621891465
pce_seed42_stage1,pce,B3,38,0.0037215964154150225
pce_seed42_stage1,pce,B3,39,0.0022058205368253726
pce_seed42_stage1,pce,B3,40,0.0021045006043008702
pce_seed42_stage1,pce,B3,41,0.0018220289320478068
pce_seed42_stage1,pce,B3,42,0.0017917863522240061
pce_seed42_stage1,pce,B3,43,0.0013924291969091274
pce_seed42_stage1,pce,B3,44,0.001438651834204625
pce_seed42_stage1,pce,B3,45,0.0012768190213717661
pce_seed42_stage1,pce,B3,46,0.0014260824375614514
pce_seed42_stage1,pce,B3,47,0.0015691851494824384
pce_seed42_stage1,pce,B3,48,0.0012452539596677797
pce_seed42_stage1,pce,B3,49,0.001289155062341885
pce_seed42_stage1,pce,B3,50,0.0012871024308131556
pce_seed42_stage1,pce,B3,51,0.0011712964689608986
pce_seed42_stage1,pce,B3,52,0.0010861473094598507
pce_seed42_stage1,pce,B3,53,0.0009541874309995989
pce_seed42_stage1,pce,B3,54,0.0009182133322354352
pce_seed42_stage1,pce,B3,55,0.001113429681516117
pce_seed42_stage1,pce,B3,56,0.0016371654565858762
pce_seed42_stage1,pce,B3,57,0.0011979916031544023
pce_seed42_stage1,pce,B3,58,0.0008370656821680169
pce_seed42_stage1,pce,B3,59,0.0008105155360278496
pce_seed42_stage1,pce,B3,60,0.0007548686177650455
pce_seed42_stage1,pce,B3,61,0.0009036004499232048
pce_seed42_stage1,pce,B3,62,0.0010167253665476312
pce_seed42_stage1,pce,B3,63,0.0008689957459581664
pce_seed42_stage1,pce,B3,64,0.0008266222648042923
pce_seed42_stage1,pce,B3,65,0.0010350334286729466
pce_seed42_stage1,pce,B3,66,0.0009186804752719344
pce_seed42_stage1,pce,B3,67,0.0009868441421595415
pce_seed42_stage1,pce,B3,68,0.0008191990732230574
pce_seed42_stage1,pce,B3,69,0.0009075298212760959
pce_seed42_stage1,pce,B3,70,0.0007976173151866214
pce_seed42_stage1,pce,B3,71,0.0007235045530259088
pce_seed42_stage1,pce,B3,72,0.0007064319488094686
pce_seed42_stage1,pce,B3,73,0.0006866556319756815
pce_seed42_stage1,pce,B3,74,0.0007752911330965888
pce_seed42_stage1,pce,B3,75,0.000686289761736763
pce_seed42_stage1,pce,B3,76,0.0006431557399312314
pce_seed42_stage1,pce,B3,77,0.0006706518475788413
pce_seed42_stage1,pce,B3,78,0.0007392783072815446
pce_seed42_stage1,pce,B3,79,0.0006840004191133175
pce_seed42_stage1,pce,B3,80,0.0005856153928952627
pce_seed42_stage1,pce,B3,81,0.0004864196363934312
pce_seed42_stage1,pce,B3,82,0.0004676420119811523
pce_seed42_stage1,pce,B3,83,0.00042886282072508513
pce_seed42_stage1,pce,B3,84,0.000445434405969173
pce_seed42_stage1,pce,B3,85,0.00048505332511605587
pce_seed42_stage1,pce,B3,86,0.0004675929199050459
pce_seed42_stage1,pce,B3,87,0.00047599148979648537
pce_seed42_stage1,pce,B3,88,0.0004371921013837146
pce_seed42_stage1,pce,B3,89,0.00041984403875329506
pce_seed42_stage1,pce,B3,90,0.00042165793543317025
pce_seed42_stage1,pce,B3,91,0.0004007354400783622
pce_seed42_stage1,pce,B3,92,0.00041553522493978427
pce_seed42_stage1,pce,B3,93,0.00040737449759649765
pce_seed42_stage1,pce,B3,94,0.0003928451832510737
pce_seed42_stage1,pce,B3,95,0.0003766981114260508
pce_seed42_stage1,pce,B3,96,0.0003764385191145648
pce_seed42_stage1,pce,B3,97,0.00040104512609733764
pce_seed42_stage1,pce,B3,98,0.00040051494901632015
pce_seed42_stage1,pce,B3,99,0.000377880458993005
pce_seed42_stage1,pce,B3,100,0.00040132211388282105
pce_seed42_stage1,pce,B3,101,0.0003691728428718991
pce_seed42_stage1,pce,B3,102,0.00039090909305847184
pce_seed42_stage1,pce,B3,103,0.0003658649593307278
pce_seed42_stage1,pce,B3,104,0.0004115089609951654
pce_seed42_stage1,pce,B3,105,0.000396178977084861
pce_seed42_stage1,pce,B3,106,0.0003704910773008619
pce_seed42_stage1,pce,B3,107,0.0003767563146868906
pce_seed42_stage1,pce,B3,108,0.0004410751628374657
pce_seed42_stage1,pce,B3,109,0.00039894904048099866
pce_seed42_stage1,pce,B3,110,0.0003920404485687024
pce_seed42_stage1,pce,B3,111,0.00038485661497345713
pce_seed42_stage1,pce,B3,112,0.00037844074703009616
pce_seed42_stage1,pce,B3,113,0.00037328518355196893
pce_seed42_stage1,pce,B3,114,0.00037599008224111445
pce_seed42_stage1,pce,B3,115,0.00038328700174813403
pce_seed42_stage1,pce,B3,116,0.00039596186494454764
pce_seed42_stage1,pce,B3,117,0.0004185445987374692
pce_seed42_stage1,pce,B3,118,0.0004318326718687222
pce_seed42_stage1,pce,B3,119,0.00042967969501943873
pce_seed42_stage1,pce,B3,120,0.00040837327768900153
pce_seed42_stage1,pce,B3,121,0.00035913655782699247
pce_seed42_stage1,pce,B3,122,0.00038711477085576977
pce_seed42_stage1,pce,B3,123,0.00036925913448424176
pce_seed42_stage1,pce,B3,124,0.0003760062296912432
pce_seed42_stage1,pce,B3,125,0.0003841247108539241
pce_seed42_stage1,pce,B3,126,0.0003513785408226541
pce_seed42_stage1,pce,B3,127,0.0003397476895786851
pce_seed42_stage1,pce,B3,128,0.0003172537026183603
pce_seed42_stage1,pce,B3,129,0.0003160436159726274
pce_seed42_stage1,pce,B3,130,0.0003480213639598313
pce_seed42_stage1,pce,B3,131,0.00038505319268011817
pce_seed42_stage1,pce,B3,132,0.00035765170237340196
pce_seed42_stage1,pce,B3,133,0.000382435885471141
pce_seed42_stage1,pce,B3,134,0.0003715233580262907
pce_seed42_stage1,pce,B3,135,0.0003625902853212295
pce_seed42_stage1,pce,B3,136,0.0003286612163693192
pce_seed42_stage1,pce,B3,137,0.00033131898942376047
pce_seed42_stage1,pce,B3,138,0.00031770321070755087
pce_seed42_stage1,pce,B3,139,0.00031565005537268815
pce_seed42_stage1,pce,B3,140,0.00032425478839449645
pce_seed42_stage1,pce,B3,141,0.00028779877977994377
pce_seed42_stage1,pce,B3,142,0.00027138733366319516
pce_seed42_stage1,pce,B3,143,0.00030681575604464106
pce_seed42_stage1,pce,B3,144,0.00035216744351221173
pce_seed42_stage1,pce,B3,145,0.0003313369755594619
pce_seed42_stage1,pce,B3,146,0.00035217596994347963
pce_seed42_stage1,pce,B3,147,0.0003693946310097496
pce_seed42_stage1,pce,B3,148,0.000354039282479953
pce_seed42_stage1,pce,B3,149,0.0003209009296563801
zs_seed42_stage1,zs,B3,0,0.33921967135702674
zs_seed42_stage1,zs,B3,1,0.12317735529405639
zs_seed42_stage1,zs,B3,2,0.07162202588540126
zs_seed42_stage1,zs,B3,3,0.051033596959004696
zs_seed42_stage1,zs,B3,4,0.04546619536097538
zs_seed42_stage1,zs,B3,5,0.030080750567263902
zs_seed42_stage1,zs,B3,6,0.025634828102873996
zs_seed42_stage1,zs,B3,7,0.017687391487267265
zs_seed42_stage1,zs,B3,8,0.012674906592013592
zs_seed42_stage1,zs,B3,9,0.013842446683717773
zs_seed42_stage1,zs,B3,10,0.01031314375057341
zs_seed42_stage1,zs,B3,11,0.013836257224109895
zs_seed42_stage1,zs,B3,12,0.01018927158525293
zs_seed42_stage1,zs,B3,13,0.008689375420254556
zs_seed42_stage1,zs,B3,14,0.007513110940171247
zs_seed42_stage1,zs,B3,15,0.00807164856257472
zs_seed42_stage1,zs,B3,16,0.006530567277297179
zs_seed42_stage1,zs,B3,17,0.005873603692421928
zs_seed42_stage1,zs,B3,18,0.00504662123808459
zs_seed42_stage1,zs,B3,19,0.004340007091857533
zs_seed42_stage1,zs,B3,20,0.003897276663028219
zs_seed42_stage1,zs,B3,21,0.0038922647406852387
zs_seed42_stage1,zs,B3,22,0.004535613155817276
zs_seed42_stage1,zs,B3,23,0.02820048919145731
zs_seed42_stage1,zs,B3,24,0.008701069590120398
zs_seed42_stage1,zs,B3,25,0.006446224030483752
zs_seed42_stage1,zs,B3,26,0.00540911862651441
zs_seed42_stage1,zs,B3,27,0.004520049179963609
zs_seed42_stage1,zs,B3,28,0.0039175763633969105
zs_seed42_stage1,zs,B3,29,0.004431644408775375
zs_seed42_stage1,zs,B3,30,0.0038427396282984657
zs_seed42_stage1,zs,B3,31,0.0033208565972869266
zs_seed42_stage1,zs,B3,32,0.003182241805219785
zs_seed42_stage1,zs,B3,33,0.0035889658394537153
zs_seed42_stage1,zs,B3,34,0.0032462626277652393
zs_seed42_stage1,zs,B3,35,0.002710295282551979
zs_seed42_stage1,zs,B3,36,0.0038865567160215465
zs_seed42_stage1,zs,B3,37,0.0032486276719050403
zs_seed42_stage1,zs,B3,38,0.0033659253865752884
zs_seed42_stage1,zs,B3,39,0.0026433000990011275
zs_seed42_stage1,zs,B3,40,0.0024954593806042077
zs_seed42_stage1,zs,B3,41,0.002587620225893532
zs_seed42_stage1,zs,B3,42,0.002488513084399722
zs_seed42_stage1,zs,B3,43,0.002350544322596645
zs_seed42_stage1,zs,B3,44,0.003101365822503601
zs_seed42_stage1,zs,B3,45,0.0027085591173864544
zs_seed42_stage1,zs,B3,46,0.0038772520576380786
zs_seed42_stage1,zs,B3,47,0.002854999432530987
zs_seed42_stage1,zs,B3,48,0.0024454961806421784
zs_seed42_stage1,zs,B3,49,0.0025957059522315443
zs_seed42_stage1,zs,B3,50,0.002282505811927741
zs_seed42_stage1,zs,B3,51,0.0022681391497013812
zs_seed42_stage1,zs,B3,52,0.0021240057629914556
zs_seed42_stage1,zs,B3,53,0.0019494771712491824
zs_seed42_stage1,zs,B3,54,0.001818566166819321
zs_seed42_stage1,zs,B3,55,0.0019507573665481339
zs_seed42_stage1,zs,B3,56,0.0021025687014929297
zs_seed42_stage1,zs,B3,57,0.0019085245218407858
zs_seed42_stage1,zs,B3,58,0.0017293946521215518
zs_seed42_stage1,zs,B3,59,0.001598046542680327
zs_seed42_stage1,zs,B3,60,0.001681144556099985
zs_seed42_stage1,zs,B3,61,0.0016876532147549331
zs_seed42_stage1,zs,B3,62,0.0019598334378741204
zs_seed42_stage1,zs,B3,63,0.001756847327224603
zs_seed42_stage1,zs,B3,64,0.0017220573577202579
zs_seed42_stage1,zs,B3,65,0.0016970312325940268
zs_seed42_stage1,zs,B3,66,0.0017356983603639628
zs_seed42_stage1,zs,B3,67,0.0019877910503481038
zs_seed42_stage1,zs,B3,68,0.001683506634590424
zs_seed42_stage1,zs,B3,69,0.0015735116677651024
zs_seed42_stage1,zs,B3,70,0.0016483261076265332
zs_seed42_stage1,zs,B3,71,0.00190023762440839
zs_seed42_stage1,zs,B3,72,0.0016962706979532587
zs_seed42_stage1,zs,B3,73,0.0015359245410357463
zs_seed42_stage1,zs,B3,74,0.001488910690432989
zs_seed42_stage1,zs,B3,75,0.0013162582412057438
zs_seed42_stage1,zs,B3,76,0.0014059638492750657
zs_seed42_stage1,zs,B3,77,0.001443128059574829
zs_seed42_stage1,zs,B3,78,0.0013949690032762753
zs_seed42_stage1,zs,B3,79,0.001374122119778668
zs_seed42_stage1,zs,B3,80,0.0012606913604689366
zs_seed42_stage1,zs,B3,81,0.001212332966772126
zs_seed42_stage1,zs,B3,82,0.0011781756301717634
zs_seed42_stage1,zs,B3,83,0.0011188016321690892
zs_seed42_stage1,zs,B3,84,0.0011339287698997106
zs_seed42_stage1,zs,B3,85,0.001098266866508911
zs_seed42_stage1,zs,B3,86,0.0011164866208422067
zs_seed42_stage1,zs,B3,87,0.001074881317184376
zs_seed42_stage1,zs,B3,88,0.0011379727480705193
zs_seed42_stage1,zs,B3,89,0.001113472770350896
zs_seed42_stage1,zs,B3,90,0.000996758658537998
zs_seed42_stage1,zs,B3,91,0.000975948923603047
zs_seed42_stage1,zs,B3,92,0.0009623263862561137
zs_seed42_stage1,zs,B3,93,0.0011169522044934986
zs_seed42_stage1,zs,B3,94,0.0010446309835892766
zs_seed42_stage1,zs,B3,95,0.0010580437167633098
zs_seed42_stage1,zs,B3,96,0.0010749757383699886
zs_seed42_stage1,zs,B3,97,0.001065845735478859
zs_seed42_stage1,zs,B3,98,0.001188878595248172
zs_seed42_stage1,zs,B3,99,0.0009734373600990016
zs_seed42_stage1,zs,B3,100,0.0009813857025793814
zs_seed42_stage1,zs,B3,101,0.0009667842952036695
zs_seed42_stage1,zs,B3,102,0.0009271221347165571
zs_seed42_stage1,zs,B3,103,0.0009882793623391796
zs_seed42_stage1,zs,B3,104,0.0010384150322197262
zs_seed42_stage1,zs,B3,105,0.0010258529553229504
zs_seed42_stage1,zs,B3,106,0.0010371661048067951
zs_seed42_stage1,zs,B3,107,0.0009286641344512278
zs_seed42_stage1,zs,B3,108,0.0011222490991597024
zs_seed42_stage1,zs,B3,109,0.0010398656946137557
zs_seed42_stage1,zs,B3,110,0.0010469824366272735
zs_seed42_stage1,zs,B3,111,0.0010072154400404543
zs_seed42_stage1,zs,B3,112,0.0010400287362844732
zs_seed42_stage1,zs,B3,113,0.0009896801118961871
zs_seed42_stage1,zs,B3,114,0.0009997881304329023
zs_seed42_stage1,zs,B3,115,0.0009490076054328498
zs_seed42_stage1,zs,B3,116,0.0009939311270538887
zs_seed42_stage1,zs,B3,117,0.001008248642353871
zs_seed42_stage1,zs,B3,118,0.0010056872910973516
zs_seed42_stage1,zs,B3,119,0.0010722719254888634
zs_seed42_stage1,zs,B3,120,0.0009930734891856851
zs_seed42_stage1,zs,B3,121,0.0009586596674938497
zs_seed42_stage1,zs,B3,122,0.0009739148483780074
zs_seed42_stage1,zs,B3,123,0.0009532817506275952
zs_seed42_stage1,zs,B3,124,0.0010968836037871833
zs_seed42_stage1,zs,B3,125,0.0009177388480004974
zs_seed42_stage1,zs,B3,126,0.0009499397854868105
zs_seed42_stage1,zs,B3,127,0.000909899300359997
zs_seed42_stage1,zs,B3,128,0.0009320446645668856
zs_seed42_stage1,zs,B3,129,0.0008344401286059168
zs_seed42_stage1,zs,B3,130,0.000889920510204281
zs_seed42_stage1,zs,B3,131,0.0009756099259786734
zs_seed42_stage1,zs,B3,132,0.0009493469307075274
zs_seed42_stage1,zs,B3,133,0.0009208553619441289
zs_seed42_stage1,zs,B3,134,0.0008691721741342917
zs_seed42_stage1,zs,B3,135,0.0009146900438088082
zs_seed42_stage1,zs,B3,136,0.0008444327790168748
zs_seed42_stage1,zs,B3,137,0.001003976899928022
zs_seed42_stage1,zs,B3,138,0.0009336143818298761
zs_seed42_stage1,zs,B3,139,0.0009177562695069665
zs_seed42_stage1,zs,B3,140,0.0009347280748888226
zs_seed42_stage1,zs,B3,141,0.0009086496287094865
zs_seed42_stage1,zs,B3,142,0.000855110348911307
zs_seed42_stage1,zs,B3,143,0.0010771348547194144
zs_seed42_stage1,zs,B3,144,0.001085973081879932
zs_seed42_stage1,zs,B3,145,0.0009713379759558209
zs_seed42_stage1,zs,B3,146,0.0009715767281453195
zs_seed42_stage1,zs,B3,147,0.0008496916628420412
zs_seed42_stage1,zs,B3,148,0.0008484443890065836
zs_seed42_stage1,zs,B3,149,0.0008112434823371896
