setting,original_zscribble,benchmark,current_legacy,formal_action
network,UNet64_softmax,ResUNet32_logits,ResUNet32_logits,explicit_probability_adapter_for_ZS_components
optimizer,Adam,SGD,SGD_momentum_0.9,hold_one_choice_across_A-E
learning_rate,0.0001,0.008,varied_by_method,identical_across_A-E
weight_decay,0.0001,0,0,identical_across_A-E
batch_size,4_or_8,8,8,identical_across_A-E
epochs,1000_or_2000_or_6000,150,150,identical_across_A-E
preprocessing,volume_and_slice_normalization,raw_H5_slice,per_slice_zscore,raw_H5_for_benchmark_parity
metric,original_slice_batches_BG_and_FG,patient_volume_BG_and_FG,slice_mean_FG_only,benchmark_patient_volume_main
checkpoint,validation_Avg_best,training_final_named_best,training_final_named_best,save_last_and_validation_best_separately
