experiment_id,work,dataset,setting,method,metric,value,std,source_file,source_table_or_figure,verified,status,notes

EXP-BM-DOM-001,Benchmark,NCI-ISBI13+I2CVB+PROMISE12,Domain-CL six-center sequence,Regu-EWC,A-Dice,0.672,0.021,sources/benchmark/Benchmark_pa/main.tex,tab:domain-cl,yes,source_extracted,
EXP-BM-DOM-002,Benchmark,NCI-ISBI13+I2CVB+PROMISE12,Domain-CL six-center sequence,Regu-EWC,BWTR,-0.242,0.039,sources/benchmark/Benchmark_pa/main.tex,tab:domain-cl,yes,source_extracted,
EXP-BM-DOM-003,Benchmark,NCI-ISBI13+I2CVB+PROMISE12,Domain-CL six-center sequence,Regu-EWC,RMA,1.086,0.014,sources/benchmark/Benchmark_pa/main.tex,tab:domain-cl,yes,source_extracted,
EXP-BM-DOM-004,Benchmark,NCI-ISBI13+I2CVB+PROMISE12,Domain-CL six-center sequence,Regu-EWC,E-FWT,0.255,0.152,sources/benchmark/Benchmark_pa/main.tex,tab:domain-cl,yes,source_extracted,
EXP-BM-DOM-005,Benchmark,NCI-ISBI13+I2CVB+PROMISE12,Domain-CL six-center sequence,Regu-EWC,MPE,0,,sources/benchmark/Benchmark_pa/main.tex,tab:domain-cl,yes,source_extracted,
EXP-BM-DOM-006,Benchmark,NCI-ISBI13+I2CVB+PROMISE12,Domain-CL six-center sequence,Regu-EWC,DRR,0,,sources/benchmark/Benchmark_pa/main.tex,tab:domain-cl,yes,source_extracted,
EXP-BM-DOM-007,Benchmark,NCI-ISBI13+I2CVB+PROMISE12,Domain-CL six-center sequence,Regu-SI,A-Dice,0.676,0.024,sources/benchmark/Benchmark_pa/main.tex,tab:domain-cl,yes,source_extracted,
EXP-BM-DOM-008,Benchmark,NCI-ISBI13+I2CVB+PROMISE12,Domain-CL six-center sequence,Regu-SI,BWTR,-0.236,0.042,sources/benchmark/Benchmark_pa/main.tex,tab:domain-cl,yes,source_extracted,
EXP-BM-DOM-009,Benchmark,NCI-ISBI13+I2CVB+PROMISE12,Domain-CL six-center sequence,Regu-SI,RMA,1.084,0.008,sources/benchmark/Benchmark_pa/main.tex,tab:domain-cl,yes,source_extracted,
EXP-BM-DOM-010,Benchmark,NCI-ISBI13+I2CVB+PROMISE12,Domain-CL six-center sequence,Regu-SI,E-FWT,0.259,0.151,sources/benchmark/Benchmark_pa/main.tex,tab:domain-cl,yes,source_extracted,
EXP-BM-DOM-011,Benchmark,NCI-ISBI13+I2CVB+PROMISE12,Domain-CL six-center sequence,Regu-SI,MPE,0,,sources/benchmark/Benchmark_pa/main.tex,tab:domain-cl,yes,source_extracted,
EXP-BM-DOM-012,Benchmark,NCI-ISBI13+I2CVB+PROMISE12,Domain-CL six-center sequence,Regu-SI,DRR,0,,sources/benchmark/Benchmark_pa/main.tex,tab:domain-cl,yes,source_extracted,
EXP-BM-DOM-013,Benchmark,NCI-ISBI13+I2CVB+PROMISE12,Domain-CL six-center sequence,Regu-LwF,A-Dice,0.663,0.029,sources/benchmark/Benchmark_pa/main.tex,tab:domain-cl,yes,source_extracted,
EXP-BM-DOM-014,Benchmark,NCI-ISBI13+I2CVB+PROMISE12,Domain-CL six-center sequence,Regu-LwF,BWTR,-0.090,0.027,sources/benchmark/Benchmark_pa/main.tex,tab:domain-cl,yes,source_extracted,
EXP-BM-DOM-015,Benchmark,NCI-ISBI13+I2CVB+PROMISE12,Domain-CL six-center sequence,Regu-LwF,RMA,0.894,0.021,sources/benchmark/Benchmark_pa/main.tex,tab:domain-cl,yes,source_extracted,
EXP-BM-DOM-016,Benchmark,NCI-ISBI13+I2CVB+PROMISE12,Domain-CL six-center sequence,Regu-LwF,E-FWT,0.224,0.153,sources/benchmark/Benchmark_pa/main.tex,tab:domain-cl,yes,source_extracted,
EXP-BM-DOM-017,Benchmark,NCI-ISBI13+I2CVB+PROMISE12,Domain-CL six-center sequence,Regu-LwF,MPE,0,,sources/benchmark/Benchmark_pa/main.tex,tab:domain-cl,yes,source_extracted,
EXP-BM-DOM-018,Benchmark,NCI-ISBI13+I2CVB+PROMISE12,Domain-CL six-center sequence,Regu-LwF,DRR,0,,sources/benchmark/Benchmark_pa/main.tex,tab:domain-cl,yes,source_extracted,
EXP-BM-DOM-019,Benchmark,NCI-ISBI13+I2CVB+PROMISE12,Domain-CL six-center sequence,Repl-ER,A-Dice,0.750,0.021,sources/benchmark/Benchmark_pa/main.tex,tab:domain-cl,yes,source_extracted,
EXP-BM-DOM-020,Benchmark,NCI-ISBI13+I2CVB+PROMISE12,Domain-CL six-center sequence,Repl-ER,BWTR,-0.100,0.027,sources/benchmark/Benchmark_pa/main.tex,tab:domain-cl,yes,source_extracted,
EXP-BM-DOM-021,Benchmark,NCI-ISBI13+I2CVB+PROMISE12,Domain-CL six-center sequence,Repl-ER,RMA,1.054,0.014,sources/benchmark/Benchmark_pa/main.tex,tab:domain-cl,yes,source_extracted,
EXP-BM-DOM-022,Benchmark,NCI-ISBI13+I2CVB+PROMISE12,Domain-CL six-center sequence,Repl-ER,E-FWT,0.256,0.150,sources/benchmark/Benchmark_pa/main.tex,tab:domain-cl,yes,source_extracted,
EXP-BM-DOM-023,Benchmark,NCI-ISBI13+I2CVB+PROMISE12,Domain-CL six-center sequence,Repl-ER,MPE,0,,sources/benchmark/Benchmark_pa/main.tex,tab:domain-cl,yes,source_extracted,
EXP-BM-DOM-024,Benchmark,NCI-ISBI13+I2CVB+PROMISE12,Domain-CL six-center sequence,Repl-ER,DRR,0.027,,sources/benchmark/Benchmark_pa/main.tex,tab:domain-cl,yes,source_extracted,raw-image replay
EXP-BM-DOM-025,Benchmark,NCI-ISBI13+I2CVB+PROMISE12,Domain-CL six-center sequence,Repl-GSS,A-Dice,0.726,0.026,sources/benchmark/Benchmark_pa/main.tex,tab:domain-cl,yes,source_extracted,
EXP-BM-DOM-026,Benchmark,NCI-ISBI13+I2CVB+PROMISE12,Domain-CL six-center sequence,Repl-GSS,BWTR,-0.140,0.040,sources/benchmark/Benchmark_pa/main.tex,tab:domain-cl,yes,source_extracted,
EXP-BM-DOM-027,Benchmark,NCI-ISBI13+I2CVB+PROMISE12,Domain-CL six-center sequence,Repl-GSS,RMA,1.059,0.010,sources/benchmark/Benchmark_pa/main.tex,tab:domain-cl,yes,source_extracted,
EXP-BM-DOM-028,Benchmark,NCI-ISBI13+I2CVB+PROMISE12,Domain-CL six-center sequence,Repl-GSS,E-FWT,0.255,0.150,sources/benchmark/Benchmark_pa/main.tex,tab:domain-cl,yes,source_extracted,
EXP-BM-DOM-029,Benchmark,NCI-ISBI13+I2CVB+PROMISE12,Domain-CL six-center sequence,Repl-GSS,MPE,0,,sources/benchmark/Benchmark_pa/main.tex,tab:domain-cl,yes,source_extracted,
EXP-BM-DOM-030,Benchmark,NCI-ISBI13+I2CVB+PROMISE12,Domain-CL six-center sequence,Repl-GSS,DRR,0.036,,sources/benchmark/Benchmark_pa/main.tex,tab:domain-cl,yes,source_extracted,raw-image replay
EXP-BM-DOM-031,Benchmark,NCI-ISBI13+I2CVB+PROMISE12,Domain-CL six-center sequence,Repl-GEM,A-Dice,0.718,0.018,sources/benchmark/Benchmark_pa/main.tex,tab:domain-cl,yes,source_extracted,
EXP-BM-DOM-032,Benchmark,NCI-ISBI13+I2CVB+PROMISE12,Domain-CL six-center sequence,Repl-GEM,BWTR,-0.095,0.022,sources/benchmark/Benchmark_pa/main.tex,tab:domain-cl,yes,source_extracted,
EXP-BM-DOM-033,Benchmark,NCI-ISBI13+I2CVB+PROMISE12,Domain-CL six-center sequence,Repl-GEM,RMA,0.994,0.024,sources/benchmark/Benchmark_pa/main.tex,tab:domain-cl,yes,source_extracted,
EXP-BM-DOM-034,Benchmark,NCI-ISBI13+I2CVB+PROMISE12,Domain-CL six-center sequence,Repl-GEM,E-FWT,0.251,0.154,sources/benchmark/Benchmark_pa/main.tex,tab:domain-cl,yes,source_extracted,
EXP-BM-DOM-035,Benchmark,NCI-ISBI13+I2CVB+PROMISE12,Domain-CL six-center sequence,Repl-GEM,MPE,0,,sources/benchmark/Benchmark_pa/main.tex,tab:domain-cl,yes,source_extracted,
EXP-BM-DOM-036,Benchmark,NCI-ISBI13+I2CVB+PROMISE12,Domain-CL six-center sequence,Repl-GEM,DRR,0.042,,sources/benchmark/Benchmark_pa/main.tex,tab:domain-cl,yes,source_extracted,raw-image replay
EXP-BM-DOM-037,Benchmark,NCI-ISBI13+I2CVB+PROMISE12,Domain-CL six-center sequence,Repl-GPM,A-Dice,0.661,0.010,sources/benchmark/Benchmark_pa/main.tex,tab:domain-cl,yes,source_extracted,
EXP-BM-DOM-038,Benchmark,NCI-ISBI13+I2CVB+PROMISE12,Domain-CL six-center sequence,Repl-GPM,BWTR,-0.188,0.010,sources/benchmark/Benchmark_pa/main.tex,tab:domain-cl,yes,source_extracted,
EXP-BM-DOM-039,Benchmark,NCI-ISBI13+I2CVB+PROMISE12,Domain-CL six-center sequence,Repl-GPM,RMA,1.013,0.022,sources/benchmark/Benchmark_pa/main.tex,tab:domain-cl,yes,source_extracted,
EXP-BM-DOM-040,Benchmark,NCI-ISBI13+I2CVB+PROMISE12,Domain-CL six-center sequence,Repl-GPM,E-FWT,0.212,0.080,sources/benchmark/Benchmark_pa/main.tex,tab:domain-cl,yes,source_extracted,
EXP-BM-DOM-041,Benchmark,NCI-ISBI13+I2CVB+PROMISE12,Domain-CL six-center sequence,Repl-GPM,MPE,0,,sources/benchmark/Benchmark_pa/main.tex,tab:domain-cl,yes,source_extracted,
EXP-BM-DOM-042,Benchmark,NCI-ISBI13+I2CVB+PROMISE12,Domain-CL six-center sequence,Repl-GPM,DRR,0.113,,sources/benchmark/Benchmark_pa/main.tex,tab:domain-cl,yes,source_extracted,
EXP-BM-DOM-043,Benchmark,NCI-ISBI13+I2CVB+PROMISE12,Domain-CL six-center sequence,Repl-AGEM,A-Dice,0.740,0.015,sources/benchmark/Benchmark_pa/main.tex,tab:domain-cl,yes,source_extracted,
EXP-BM-DOM-044,Benchmark,NCI-ISBI13+I2CVB+PROMISE12,Domain-CL six-center sequence,Repl-AGEM,BWTR,-0.093,0.023,sources/benchmark/Benchmark_pa/main.tex,tab:domain-cl,yes,source_extracted,
EXP-BM-DOM-045,Benchmark,NCI-ISBI13+I2CVB+PROMISE12,Domain-CL six-center sequence,Repl-AGEM,RMA,1.023,0.027,sources/benchmark/Benchmark_pa/main.tex,tab:domain-cl,yes,source_extracted,
EXP-BM-DOM-046,Benchmark,NCI-ISBI13+I2CVB+PROMISE12,Domain-CL six-center sequence,Repl-AGEM,E-FWT,0.253,0.155,sources/benchmark/Benchmark_pa/main.tex,tab:domain-cl,yes,source_extracted,
EXP-BM-DOM-047,Benchmark,NCI-ISBI13+I2CVB+PROMISE12,Domain-CL six-center sequence,Repl-AGEM,MPE,0,,sources/benchmark/Benchmark_pa/main.tex,tab:domain-cl,yes,source_extracted,
EXP-BM-DOM-048,Benchmark,NCI-ISBI13+I2CVB+PROMISE12,Domain-CL six-center sequence,Repl-AGEM,DRR,0.042,,sources/benchmark/Benchmark_pa/main.tex,tab:domain-cl,yes,source_extracted,raw-image replay
EXP-BM-DOM-049,Benchmark,NCI-ISBI13+I2CVB+PROMISE12,Domain-CL six-center sequence,Repl-DER,A-Dice,0.715,0.011,sources/benchmark/Benchmark_pa/main.tex,tab:domain-cl,yes,source_extracted,
EXP-BM-DOM-050,Benchmark,NCI-ISBI13+I2CVB+PROMISE12,Domain-CL six-center sequence,Repl-DER,BWTR,-0.126,0.015,sources/benchmark/Benchmark_pa/main.tex,tab:domain-cl,yes,source_extracted,
EXP-BM-DOM-051,Benchmark,NCI-ISBI13+I2CVB+PROMISE12,Domain-CL six-center sequence,Repl-DER,RMA,1.018,0.016,sources/benchmark/Benchmark_pa/main.tex,tab:domain-cl,yes,source_extracted,
EXP-BM-DOM-052,Benchmark,NCI-ISBI13+I2CVB+PROMISE12,Domain-CL six-center sequence,Repl-DER,E-FWT,0.249,0.148,sources/benchmark/Benchmark_pa/main.tex,tab:domain-cl,yes,source_extracted,
EXP-BM-DOM-053,Benchmark,NCI-ISBI13+I2CVB+PROMISE12,Domain-CL six-center sequence,Repl-DER,MPE,0,,sources/benchmark/Benchmark_pa/main.tex,tab:domain-cl,yes,source_extracted,
EXP-BM-DOM-054,Benchmark,NCI-ISBI13+I2CVB+PROMISE12,Domain-CL six-center sequence,Repl-DER,DRR,0.027,,sources/benchmark/Benchmark_pa/main.tex,tab:domain-cl,yes,source_extracted,raw-image replay
EXP-BM-DOM-055,Benchmark,NCI-ISBI13+I2CVB+PROMISE12,Domain-CL six-center sequence,Repl-DER++,A-Dice,0.725,0.013,sources/benchmark/Benchmark_pa/main.tex,tab:domain-cl,yes,source_extracted,
EXP-BM-DOM-056,Benchmark,NCI-ISBI13+I2CVB+PROMISE12,Domain-CL six-center sequence,Repl-DER++,BWTR,-0.105,0.018,sources/benchmark/Benchmark_pa/main.tex,tab:domain-cl,yes,source_extracted,
EXP-BM-DOM-057,Benchmark,NCI-ISBI13+I2CVB+PROMISE12,Domain-CL six-center sequence,Repl-DER++,RMA,1.012,0.013,sources/benchmark/Benchmark_pa/main.tex,tab:domain-cl,yes,source_extracted,
EXP-BM-DOM-058,Benchmark,NCI-ISBI13+I2CVB+PROMISE12,Domain-CL six-center sequence,Repl-DER++,E-FWT,0.251,0.149,sources/benchmark/Benchmark_pa/main.tex,tab:domain-cl,yes,source_extracted,
EXP-BM-DOM-059,Benchmark,NCI-ISBI13+I2CVB+PROMISE12,Domain-CL six-center sequence,Repl-DER++,MPE,0,,sources/benchmark/Benchmark_pa/main.tex,tab:domain-cl,yes,source_extracted,
EXP-BM-DOM-060,Benchmark,NCI-ISBI13+I2CVB+PROMISE12,Domain-CL six-center sequence,Repl-DER++,DRR,0.027,,sources/benchmark/Benchmark_pa/main.tex,tab:domain-cl,yes,source_extracted,raw-image replay
EXP-BM-DOM-061,Benchmark,NCI-ISBI13+I2CVB+PROMISE12,Domain-CL six-center sequence,Repl-FDR,A-Dice,0.728,0.015,sources/benchmark/Benchmark_pa/main.tex,tab:domain-cl,yes,source_extracted,
EXP-BM-DOM-062,Benchmark,NCI-ISBI13+I2CVB+PROMISE12,Domain-CL six-center sequence,Repl-FDR,BWTR,-0.111,0.028,sources/benchmark/Benchmark_pa/main.tex,tab:domain-cl,yes,source_extracted,
EXP-BM-DOM-063,Benchmark,NCI-ISBI13+I2CVB+PROMISE12,Domain-CL six-center sequence,Repl-FDR,RMA,1.025,0.033,sources/benchmark/Benchmark_pa/main.tex,tab:domain-cl,yes,source_extracted,
EXP-BM-DOM-064,Benchmark,NCI-ISBI13+I2CVB+PROMISE12,Domain-CL six-center sequence,Repl-FDR,E-FWT,0.252,0.136,sources/benchmark/Benchmark_pa/main.tex,tab:domain-cl,yes,source_extracted,
EXP-BM-DOM-065,Benchmark,NCI-ISBI13+I2CVB+PROMISE12,Domain-CL six-center sequence,Repl-FDR,MPE,0,,sources/benchmark/Benchmark_pa/main.tex,tab:domain-cl,yes,source_extracted,
EXP-BM-DOM-066,Benchmark,NCI-ISBI13+I2CVB+PROMISE12,Domain-CL six-center sequence,Repl-FDR,DRR,0.042,,sources/benchmark/Benchmark_pa/main.tex,tab:domain-cl,yes,source_extracted,raw-image replay
EXP-BM-DOM-067,Benchmark,NCI-ISBI13+I2CVB+PROMISE12,Domain-CL six-center sequence,ParIso-PNN,A-Dice,0.789,0.002,sources/benchmark/Benchmark_pa/main.tex,tab:domain-cl,yes,source_extracted,
EXP-BM-DOM-068,Benchmark,NCI-ISBI13+I2CVB+PROMISE12,Domain-CL six-center sequence,ParIso-PNN,BWTR,0,0,sources/benchmark/Benchmark_pa/main.tex,tab:domain-cl,yes,source_extracted,
EXP-BM-DOM-069,Benchmark,NCI-ISBI13+I2CVB+PROMISE12,Domain-CL six-center sequence,ParIso-PNN,RMA,1.003,0.014,sources/benchmark/Benchmark_pa/main.tex,tab:domain-cl,yes,source_extracted,
EXP-BM-DOM-070,Benchmark,NCI-ISBI13+I2CVB+PROMISE12,Domain-CL six-center sequence,ParIso-PNN,E-FWT,0.235,0.148,sources/benchmark/Benchmark_pa/main.tex,tab:domain-cl,yes,source_extracted,
EXP-BM-DOM-071,Benchmark,NCI-ISBI13+I2CVB+PROMISE12,Domain-CL six-center sequence,ParIso-PNN,MPE,1.112,,sources/benchmark/Benchmark_pa/main.tex,tab:domain-cl,yes,source_extracted,
EXP-BM-DOM-072,Benchmark,NCI-ISBI13+I2CVB+PROMISE12,Domain-CL six-center sequence,ParIso-PNN,DRR,0,,sources/benchmark/Benchmark_pa/main.tex,tab:domain-cl,yes,source_extracted,
EXP-BM-DOM-073,Benchmark,NCI-ISBI13+I2CVB+PROMISE12,Domain-CL six-center sequence,ParIso-DAN,A-Dice,0.786,0.008,sources/benchmark/Benchmark_pa/main.tex,tab:domain-cl,yes,source_extracted,
EXP-BM-DOM-074,Benchmark,NCI-ISBI13+I2CVB+PROMISE12,Domain-CL six-center sequence,ParIso-DAN,BWTR,0,0,sources/benchmark/Benchmark_pa/main.tex,tab:domain-cl,yes,source_extracted,
EXP-BM-DOM-075,Benchmark,NCI-ISBI13+I2CVB+PROMISE12,Domain-CL six-center sequence,ParIso-DAN,RMA,1.016,0.021,sources/benchmark/Benchmark_pa/main.tex,tab:domain-cl,yes,source_extracted,
EXP-BM-DOM-076,Benchmark,NCI-ISBI13+I2CVB+PROMISE12,Domain-CL six-center sequence,ParIso-DAN,E-FWT,0.312,0.210,sources/benchmark/Benchmark_pa/main.tex,tab:domain-cl,yes,source_extracted,
EXP-BM-DOM-077,Benchmark,NCI-ISBI13+I2CVB+PROMISE12,Domain-CL six-center sequence,ParIso-DAN,MPE,0.111,,sources/benchmark/Benchmark_pa/main.tex,tab:domain-cl,yes,source_extracted,
EXP-BM-DOM-078,Benchmark,NCI-ISBI13+I2CVB+PROMISE12,Domain-CL six-center sequence,ParIso-DAN,DRR,0,,sources/benchmark/Benchmark_pa/main.tex,tab:domain-cl,yes,source_extracted,
EXP-BM-DOM-079,Benchmark,NCI-ISBI13+I2CVB+PROMISE12,Domain-CL six-center sequence,Non-CL,A-Dice,0.676,0.021,sources/benchmark/Benchmark_pa/main.tex,tab:domain-cl,yes,source_extracted,
EXP-BM-DOM-080,Benchmark,NCI-ISBI13+I2CVB+PROMISE12,Domain-CL six-center sequence,Non-CL,BWTR,-0.237,0.038,sources/benchmark/Benchmark_pa/main.tex,tab:domain-cl,yes,source_extracted,
EXP-BM-DOM-081,Benchmark,NCI-ISBI13+I2CVB+PROMISE12,Domain-CL six-center sequence,Non-CL,RMA,1.086,0.008,sources/benchmark/Benchmark_pa/main.tex,tab:domain-cl,yes,source_extracted,
EXP-BM-DOM-082,Benchmark,NCI-ISBI13+I2CVB+PROMISE12,Domain-CL six-center sequence,Non-CL,E-FWT,0.260,0.151,sources/benchmark/Benchmark_pa/main.tex,tab:domain-cl,yes,source_extracted,
EXP-BM-DOM-083,Benchmark,NCI-ISBI13+I2CVB+PROMISE12,Domain-CL six-center sequence,Non-CL,MPE,0,,sources/benchmark/Benchmark_pa/main.tex,tab:domain-cl,yes,source_extracted,
EXP-BM-DOM-084,Benchmark,NCI-ISBI13+I2CVB+PROMISE12,Domain-CL six-center sequence,Non-CL,DRR,0,,sources/benchmark/Benchmark_pa/main.tex,tab:domain-cl,yes,source_extracted,
EXP-BM-DOM-085,Benchmark,NCI-ISBI13+I2CVB+PROMISE12,Domain-CL six-center sequence,JointTrain,A-Dice,0.830,0.040,sources/benchmark/Benchmark_pa/main.tex,tab:domain-cl,yes,source_extracted,full historical-data access reference
EXP-BM-DOM-086,Benchmark,NCI-ISBI13+I2CVB+PROMISE12,Domain-CL six-center sequence,JointTrain,MPE,0,,sources/benchmark/Benchmark_pa/main.tex,tab:domain-cl,yes,source_extracted,full historical-data access reference
EXP-BM-DOM-087,Benchmark,NCI-ISBI13+I2CVB+PROMISE12,Domain-CL six-center sequence,JointTrain,DRR,0,,sources/benchmark/Benchmark_pa/main.tex,tab:domain-cl,yes,source_extracted,full historical-data access reference
EXP-BM-CLS-001,Benchmark,MMWHS,Class-CL three-stage cardiac structure sequence,Regu-EWC,A-Dice,0.487,0.020,sources/benchmark/Benchmark_pa/main.tex,tab:class-cl,yes,source_extracted,
EXP-BM-CLS-002,Benchmark,MMWHS,Class-CL three-stage cardiac structure sequence,Regu-EWC,BWTR,-0.552,0.042,sources/benchmark/Benchmark_pa/main.tex,tab:class-cl,yes,source_extracted,
EXP-BM-CLS-003,Benchmark,MMWHS,Class-CL three-stage cardiac structure sequence,Regu-EWC,RMA,0.999,0.022,sources/benchmark/Benchmark_pa/main.tex,tab:class-cl,yes,source_extracted,
EXP-BM-CLS-004,Benchmark,MMWHS,Class-CL three-stage cardiac structure sequence,Regu-EWC,WCD,0.513,0.022,sources/benchmark/Benchmark_pa/main.tex,tab:class-cl,yes,source_extracted,
EXP-BM-CLS-005,Benchmark,MMWHS,Class-CL three-stage cardiac structure sequence,Regu-EWC,MPE,0,,sources/benchmark/Benchmark_pa/main.tex,tab:class-cl,yes,source_extracted,
EXP-BM-CLS-006,Benchmark,MMWHS,Class-CL three-stage cardiac structure sequence,Regu-EWC,DRR,0,,sources/benchmark/Benchmark_pa/main.tex,tab:class-cl,yes,source_extracted,
EXP-BM-CLS-007,Benchmark,MMWHS,Class-CL three-stage cardiac structure sequence,Regu-SI,A-Dice,0.469,0.007,sources/benchmark/Benchmark_pa/main.tex,tab:class-cl,yes,source_extracted,
EXP-BM-CLS-008,Benchmark,MMWHS,Class-CL three-stage cardiac structure sequence,Regu-SI,BWTR,-0.602,0.016,sources/benchmark/Benchmark_pa/main.tex,tab:class-cl,yes,source_extracted,
EXP-BM-CLS-009,Benchmark,MMWHS,Class-CL three-stage cardiac structure sequence,Regu-SI,RMA,1.018,0.028,sources/benchmark/Benchmark_pa/main.tex,tab:class-cl,yes,source_extracted,
EXP-BM-CLS-010,Benchmark,MMWHS,Class-CL three-stage cardiac structure sequence,Regu-SI,WCD,0.570,0.020,sources/benchmark/Benchmark_pa/main.tex,tab:class-cl,yes,source_extracted,
EXP-BM-CLS-011,Benchmark,MMWHS,Class-CL three-stage cardiac structure sequence,Regu-SI,MPE,0,,sources/benchmark/Benchmark_pa/main.tex,tab:class-cl,yes,source_extracted,
EXP-BM-CLS-012,Benchmark,MMWHS,Class-CL three-stage cardiac structure sequence,Regu-SI,DRR,0,,sources/benchmark/Benchmark_pa/main.tex,tab:class-cl,yes,source_extracted,
EXP-BM-CLS-013,Benchmark,MMWHS,Class-CL three-stage cardiac structure sequence,Regu-LwF,A-Dice,0.384,0.022,sources/benchmark/Benchmark_pa/main.tex,tab:class-cl,yes,source_extracted,
EXP-BM-CLS-014,Benchmark,MMWHS,Class-CL three-stage cardiac structure sequence,Regu-LwF,BWTR,-0.575,0.013,sources/benchmark/Benchmark_pa/main.tex,tab:class-cl,yes,source_extracted,
EXP-BM-CLS-015,Benchmark,MMWHS,Class-CL three-stage cardiac structure sequence,Regu-LwF,RMA,0.782,0.046,sources/benchmark/Benchmark_pa/main.tex,tab:class-cl,yes,source_extracted,
EXP-BM-CLS-016,Benchmark,MMWHS,Class-CL three-stage cardiac structure sequence,Regu-LwF,WCD,0.602,0.002,sources/benchmark/Benchmark_pa/main.tex,tab:class-cl,yes,source_extracted,
EXP-BM-CLS-017,Benchmark,MMWHS,Class-CL three-stage cardiac structure sequence,Regu-LwF,MPE,0,,sources/benchmark/Benchmark_pa/main.tex,tab:class-cl,yes,source_extracted,
EXP-BM-CLS-018,Benchmark,MMWHS,Class-CL three-stage cardiac structure sequence,Regu-LwF,DRR,0,,sources/benchmark/Benchmark_pa/main.tex,tab:class-cl,yes,source_extracted,
EXP-BM-CLS-019,Benchmark,MMWHS,Class-CL three-stage cardiac structure sequence,Repl-ER,A-Dice,0.654,0.034,sources/benchmark/Benchmark_pa/main.tex,tab:class-cl,yes,source_extracted,
EXP-BM-CLS-020,Benchmark,MMWHS,Class-CL three-stage cardiac structure sequence,Repl-ER,BWTR,-0.243,0.068,sources/benchmark/Benchmark_pa/main.tex,tab:class-cl,yes,source_extracted,
EXP-BM-CLS-021,Benchmark,MMWHS,Class-CL three-stage cardiac structure sequence,Repl-ER,RMA,1.015,0.029,sources/benchmark/Benchmark_pa/main.tex,tab:class-cl,yes,source_extracted,
EXP-BM-CLS-022,Benchmark,MMWHS,Class-CL three-stage cardiac structure sequence,Repl-ER,WCD,0.596,0.019,sources/benchmark/Benchmark_pa/main.tex,tab:class-cl,yes,source_extracted,
EXP-BM-CLS-023,Benchmark,MMWHS,Class-CL three-stage cardiac structure sequence,Repl-ER,MPE,0,,sources/benchmark/Benchmark_pa/main.tex,tab:class-cl,yes,source_extracted,
EXP-BM-CLS-024,Benchmark,MMWHS,Class-CL three-stage cardiac structure sequence,Repl-ER,DRR,0.011,,sources/benchmark/Benchmark_pa/main.tex,tab:class-cl,yes,source_extracted,raw-image replay
EXP-BM-CLS-025,Benchmark,MMWHS,Class-CL three-stage cardiac structure sequence,Repl-GSS,A-Dice,0.456,0.003,sources/benchmark/Benchmark_pa/main.tex,tab:class-cl,yes,source_extracted,
EXP-BM-CLS-026,Benchmark,MMWHS,Class-CL three-stage cardiac structure sequence,Repl-GSS,BWTR,-0.611,0.016,sources/benchmark/Benchmark_pa/main.tex,tab:class-cl,yes,source_extracted,
EXP-BM-CLS-027,Benchmark,MMWHS,Class-CL three-stage cardiac structure sequence,Repl-GSS,RMA,0.991,0.038,sources/benchmark/Benchmark_pa/main.tex,tab:class-cl,yes,source_extracted,
EXP-BM-CLS-028,Benchmark,MMWHS,Class-CL three-stage cardiac structure sequence,Repl-GSS,WCD,0.600,0.006,sources/benchmark/Benchmark_pa/main.tex,tab:class-cl,yes,source_extracted,
EXP-BM-CLS-029,Benchmark,MMWHS,Class-CL three-stage cardiac structure sequence,Repl-GSS,MPE,0,,sources/benchmark/Benchmark_pa/main.tex,tab:class-cl,yes,source_extracted,
EXP-BM-CLS-030,Benchmark,MMWHS,Class-CL three-stage cardiac structure sequence,Repl-GSS,DRR,0.018,,sources/benchmark/Benchmark_pa/main.tex,tab:class-cl,yes,source_extracted,raw-image replay
EXP-BM-CLS-031,Benchmark,MMWHS,Class-CL three-stage cardiac structure sequence,Repl-GEM,A-Dice,0.684,0.036,sources/benchmark/Benchmark_pa/main.tex,tab:class-cl,yes,source_extracted,
EXP-BM-CLS-032,Benchmark,MMWHS,Class-CL three-stage cardiac structure sequence,Repl-GEM,BWTR,-0.304,0.038,sources/benchmark/Benchmark_pa/main.tex,tab:class-cl,yes,source_extracted,
EXP-BM-CLS-033,Benchmark,MMWHS,Class-CL three-stage cardiac structure sequence,Repl-GEM,RMA,1.014,0.031,sources/benchmark/Benchmark_pa/main.tex,tab:class-cl,yes,source_extracted,
EXP-BM-CLS-034,Benchmark,MMWHS,Class-CL three-stage cardiac structure sequence,Repl-GEM,WCD,0.622,0.031,sources/benchmark/Benchmark_pa/main.tex,tab:class-cl,yes,source_extracted,
EXP-BM-CLS-035,Benchmark,MMWHS,Class-CL three-stage cardiac structure sequence,Repl-GEM,MPE,0,,sources/benchmark/Benchmark_pa/main.tex,tab:class-cl,yes,source_extracted,
EXP-BM-CLS-036,Benchmark,MMWHS,Class-CL three-stage cardiac structure sequence,Repl-GEM,DRR,0.010,,sources/benchmark/Benchmark_pa/main.tex,tab:class-cl,yes,source_extracted,raw-image replay
EXP-BM-CLS-037,Benchmark,MMWHS,Class-CL three-stage cardiac structure sequence,Repl-GPM,A-Dice,0.575,0.023,sources/benchmark/Benchmark_pa/main.tex,tab:class-cl,yes,source_extracted,
EXP-BM-CLS-038,Benchmark,MMWHS,Class-CL three-stage cardiac structure sequence,Repl-GPM,BWTR,-0.219,0.033,sources/benchmark/Benchmark_pa/main.tex,tab:class-cl,yes,source_extracted,
EXP-BM-CLS-039,Benchmark,MMWHS,Class-CL three-stage cardiac structure sequence,Repl-GPM,RMA,0.892,0.014,sources/benchmark/Benchmark_pa/main.tex,tab:class-cl,yes,source_extracted,
EXP-BM-CLS-040,Benchmark,MMWHS,Class-CL three-stage cardiac structure sequence,Repl-GPM,WCD,0.513,0.014,sources/benchmark/Benchmark_pa/main.tex,tab:class-cl,yes,source_extracted,
EXP-BM-CLS-041,Benchmark,MMWHS,Class-CL three-stage cardiac structure sequence,Repl-GPM,MPE,0,,sources/benchmark/Benchmark_pa/main.tex,tab:class-cl,yes,source_extracted,
EXP-BM-CLS-042,Benchmark,MMWHS,Class-CL three-stage cardiac structure sequence,Repl-GPM,DRR,0.068,,sources/benchmark/Benchmark_pa/main.tex,tab:class-cl,yes,source_extracted,
EXP-BM-CLS-043,Benchmark,MMWHS,Class-CL three-stage cardiac structure sequence,Repl-AGEM,A-Dice,0.595,0.017,sources/benchmark/Benchmark_pa/main.tex,tab:class-cl,yes,source_extracted,
EXP-BM-CLS-044,Benchmark,MMWHS,Class-CL three-stage cardiac structure sequence,Repl-AGEM,BWTR,-0.370,0.032,sources/benchmark/Benchmark_pa/main.tex,tab:class-cl,yes,source_extracted,
EXP-BM-CLS-045,Benchmark,MMWHS,Class-CL three-stage cardiac structure sequence,Repl-AGEM,RMA,1.020,0.019,sources/benchmark/Benchmark_pa/main.tex,tab:class-cl,yes,source_extracted,
EXP-BM-CLS-046,Benchmark,MMWHS,Class-CL three-stage cardiac structure sequence,Repl-AGEM,WCD,0.562,0.026,sources/benchmark/Benchmark_pa/main.tex,tab:class-cl,yes,source_extracted,
EXP-BM-CLS-047,Benchmark,MMWHS,Class-CL three-stage cardiac structure sequence,Repl-AGEM,MPE,0,,sources/benchmark/Benchmark_pa/main.tex,tab:class-cl,yes,source_extracted,
EXP-BM-CLS-048,Benchmark,MMWHS,Class-CL three-stage cardiac structure sequence,Repl-AGEM,DRR,0.010,,sources/benchmark/Benchmark_pa/main.tex,tab:class-cl,yes,source_extracted,raw-image replay
EXP-BM-CLS-049,Benchmark,MMWHS,Class-CL three-stage cardiac structure sequence,Repl-DER,A-Dice,0.628,0.027,sources/benchmark/Benchmark_pa/main.tex,tab:class-cl,yes,source_extracted,
EXP-BM-CLS-050,Benchmark,MMWHS,Class-CL three-stage cardiac structure sequence,Repl-DER,BWTR,-0.219,0.070,sources/benchmark/Benchmark_pa/main.tex,tab:class-cl,yes,source_extracted,
EXP-BM-CLS-051,Benchmark,MMWHS,Class-CL three-stage cardiac structure sequence,Repl-DER,RMA,0.913,0.029,sources/benchmark/Benchmark_pa/main.tex,tab:class-cl,yes,source_extracted,
EXP-BM-CLS-052,Benchmark,MMWHS,Class-CL three-stage cardiac structure sequence,Repl-DER,WCD,0.622,0.029,sources/benchmark/Benchmark_pa/main.tex,tab:class-cl,yes,source_extracted,
EXP-BM-CLS-053,Benchmark,MMWHS,Class-CL three-stage cardiac structure sequence,Repl-DER,MPE,0,,sources/benchmark/Benchmark_pa/main.tex,tab:class-cl,yes,source_extracted,
EXP-BM-CLS-054,Benchmark,MMWHS,Class-CL three-stage cardiac structure sequence,Repl-DER,DRR,0.011,,sources/benchmark/Benchmark_pa/main.tex,tab:class-cl,yes,source_extracted,raw-image replay
EXP-BM-CLS-055,Benchmark,MMWHS,Class-CL three-stage cardiac structure sequence,Repl-DER++,A-Dice,0.638,0.036,sources/benchmark/Benchmark_pa/main.tex,tab:class-cl,yes,source_extracted,
EXP-BM-CLS-056,Benchmark,MMWHS,Class-CL three-stage cardiac structure sequence,Repl-DER++,BWTR,-0.208,0.056,sources/benchmark/Benchmark_pa/main.tex,tab:class-cl,yes,source_extracted,
EXP-BM-CLS-057,Benchmark,MMWHS,Class-CL three-stage cardiac structure sequence,Repl-DER++,RMA,0.932,0.034,sources/benchmark/Benchmark_pa/main.tex,tab:class-cl,yes,source_extracted,
EXP-BM-CLS-058,Benchmark,MMWHS,Class-CL three-stage cardiac structure sequence,Repl-DER++,WCD,0.633,0.043,sources/benchmark/Benchmark_pa/main.tex,tab:class-cl,yes,source_extracted,
EXP-BM-CLS-059,Benchmark,MMWHS,Class-CL three-stage cardiac structure sequence,Repl-DER++,MPE,0,,sources/benchmark/Benchmark_pa/main.tex,tab:class-cl,yes,source_extracted,
EXP-BM-CLS-060,Benchmark,MMWHS,Class-CL three-stage cardiac structure sequence,Repl-DER++,DRR,0.011,,sources/benchmark/Benchmark_pa/main.tex,tab:class-cl,yes,source_extracted,raw-image replay
EXP-BM-CLS-061,Benchmark,MMWHS,Class-CL three-stage cardiac structure sequence,Repl-FDR,A-Dice,0.666,0.012,sources/benchmark/Benchmark_pa/main.tex,tab:class-cl,yes,source_extracted,
EXP-BM-CLS-062,Benchmark,MMWHS,Class-CL three-stage cardiac structure sequence,Repl-FDR,BWTR,-0.146,0.046,sources/benchmark/Benchmark_pa/main.tex,tab:class-cl,yes,source_extracted,
EXP-BM-CLS-063,Benchmark,MMWHS,Class-CL three-stage cardiac structure sequence,Repl-FDR,RMA,0.917,0.035,sources/benchmark/Benchmark_pa/main.tex,tab:class-cl,yes,source_extracted,
EXP-BM-CLS-064,Benchmark,MMWHS,Class-CL three-stage cardiac structure sequence,Repl-FDR,WCD,0.627,0.015,sources/benchmark/Benchmark_pa/main.tex,tab:class-cl,yes,source_extracted,
EXP-BM-CLS-065,Benchmark,MMWHS,Class-CL three-stage cardiac structure sequence,Repl-FDR,MPE,0,,sources/benchmark/Benchmark_pa/main.tex,tab:class-cl,yes,source_extracted,
EXP-BM-CLS-066,Benchmark,MMWHS,Class-CL three-stage cardiac structure sequence,Repl-FDR,DRR,0.010,,sources/benchmark/Benchmark_pa/main.tex,tab:class-cl,yes,source_extracted,raw-image replay
EXP-BM-CLS-067,Benchmark,MMWHS,Class-CL three-stage cardiac structure sequence,ParIso-PNN,A-Dice,0.770,0.012,sources/benchmark/Benchmark_pa/main.tex,tab:class-cl,yes,source_extracted,
EXP-BM-CLS-068,Benchmark,MMWHS,Class-CL three-stage cardiac structure sequence,ParIso-PNN,BWTR,0,0,sources/benchmark/Benchmark_pa/main.tex,tab:class-cl,yes,source_extracted,
EXP-BM-CLS-069,Benchmark,MMWHS,Class-CL three-stage cardiac structure sequence,ParIso-PNN,RMA,0.976,0.021,sources/benchmark/Benchmark_pa/main.tex,tab:class-cl,yes,source_extracted,
EXP-BM-CLS-070,Benchmark,MMWHS,Class-CL three-stage cardiac structure sequence,ParIso-PNN,WCD,0.620,0.020,sources/benchmark/Benchmark_pa/main.tex,tab:class-cl,yes,source_extracted,
EXP-BM-CLS-071,Benchmark,MMWHS,Class-CL three-stage cardiac structure sequence,ParIso-PNN,MPE,1.056,,sources/benchmark/Benchmark_pa/main.tex,tab:class-cl,yes,source_extracted,
EXP-BM-CLS-072,Benchmark,MMWHS,Class-CL three-stage cardiac structure sequence,ParIso-PNN,DRR,0,,sources/benchmark/Benchmark_pa/main.tex,tab:class-cl,yes,source_extracted,
EXP-BM-CLS-073,Benchmark,MMWHS,Class-CL three-stage cardiac structure sequence,ParIso-DAN,A-Dice,0.729,0.009,sources/benchmark/Benchmark_pa/main.tex,tab:class-cl,yes,source_extracted,
EXP-BM-CLS-074,Benchmark,MMWHS,Class-CL three-stage cardiac structure sequence,ParIso-DAN,BWTR,0,0,sources/benchmark/Benchmark_pa/main.tex,tab:class-cl,yes,source_extracted,
EXP-BM-CLS-075,Benchmark,MMWHS,Class-CL three-stage cardiac structure sequence,ParIso-DAN,RMA,0.897,0.022,sources/benchmark/Benchmark_pa/main.tex,tab:class-cl,yes,source_extracted,
EXP-BM-CLS-076,Benchmark,MMWHS,Class-CL three-stage cardiac structure sequence,ParIso-DAN,WCD,0.543,0.127,sources/benchmark/Benchmark_pa/main.tex,tab:class-cl,yes,source_extracted,
EXP-BM-CLS-077,Benchmark,MMWHS,Class-CL three-stage cardiac structure sequence,ParIso-DAN,MPE,0.111,,sources/benchmark/Benchmark_pa/main.tex,tab:class-cl,yes,source_extracted,
EXP-BM-CLS-078,Benchmark,MMWHS,Class-CL three-stage cardiac structure sequence,ParIso-DAN,DRR,0,,sources/benchmark/Benchmark_pa/main.tex,tab:class-cl,yes,source_extracted,
EXP-BM-CLS-079,Benchmark,MMWHS,Class-CL three-stage cardiac structure sequence,ClassCL-PLOP,A-Dice,0.708,0.025,sources/benchmark/Benchmark_pa/main.tex,tab:class-cl,yes,source_extracted,
EXP-BM-CLS-080,Benchmark,MMWHS,Class-CL three-stage cardiac structure sequence,ClassCL-PLOP,BWTR,-0.104,0.026,sources/benchmark/Benchmark_pa/main.tex,tab:class-cl,yes,source_extracted,
EXP-BM-CLS-081,Benchmark,MMWHS,Class-CL three-stage cardiac structure sequence,ClassCL-PLOP,RMA,0.986,0.038,sources/benchmark/Benchmark_pa/main.tex,tab:class-cl,yes,source_extracted,
EXP-BM-CLS-082,Benchmark,MMWHS,Class-CL three-stage cardiac structure sequence,ClassCL-PLOP,WCD,0.707,0.009,sources/benchmark/Benchmark_pa/main.tex,tab:class-cl,yes,source_extracted,
EXP-BM-CLS-083,Benchmark,MMWHS,Class-CL three-stage cardiac structure sequence,ClassCL-PLOP,MPE,0,,sources/benchmark/Benchmark_pa/main.tex,tab:class-cl,yes,source_extracted,
EXP-BM-CLS-084,Benchmark,MMWHS,Class-CL three-stage cardiac structure sequence,ClassCL-PLOP,DRR,0,,sources/benchmark/Benchmark_pa/main.tex,tab:class-cl,yes,source_extracted,
EXP-BM-CLS-085,Benchmark,MMWHS,Class-CL three-stage cardiac structure sequence,ClassCL-MiB,A-Dice,0.751,0.008,sources/benchmark/Benchmark_pa/main.tex,tab:class-cl,yes,source_extracted,
EXP-BM-CLS-086,Benchmark,MMWHS,Class-CL three-stage cardiac structure sequence,ClassCL-MiB,BWTR,-0.039,0.003,sources/benchmark/Benchmark_pa/main.tex,tab:class-cl,yes,source_extracted,
EXP-BM-CLS-087,Benchmark,MMWHS,Class-CL three-stage cardiac structure sequence,ClassCL-MiB,RMA,1.004,0.018,sources/benchmark/Benchmark_pa/main.tex,tab:class-cl,yes,source_extracted,
EXP-BM-CLS-088,Benchmark,MMWHS,Class-CL three-stage cardiac structure sequence,ClassCL-MiB,WCD,0.697,0.008,sources/benchmark/Benchmark_pa/main.tex,tab:class-cl,yes,source_extracted,
EXP-BM-CLS-089,Benchmark,MMWHS,Class-CL three-stage cardiac structure sequence,ClassCL-MiB,MPE,0,,sources/benchmark/Benchmark_pa/main.tex,tab:class-cl,yes,source_extracted,
EXP-BM-CLS-090,Benchmark,MMWHS,Class-CL three-stage cardiac structure sequence,ClassCL-MiB,DRR,0,,sources/benchmark/Benchmark_pa/main.tex,tab:class-cl,yes,source_extracted,
EXP-BM-CLS-091,Benchmark,MMWHS,Class-CL three-stage cardiac structure sequence,Non-CL,A-Dice,0.471,0.012,sources/benchmark/Benchmark_pa/main.tex,tab:class-cl,yes,source_extracted,
EXP-BM-CLS-092,Benchmark,MMWHS,Class-CL three-stage cardiac structure sequence,Non-CL,BWTR,-0.598,0.015,sources/benchmark/Benchmark_pa/main.tex,tab:class-cl,yes,source_extracted,
EXP-BM-CLS-093,Benchmark,MMWHS,Class-CL three-stage cardiac structure sequence,Non-CL,RMA,1.014,0.028,sources/benchmark/Benchmark_pa/main.tex,tab:class-cl,yes,source_extracted,
EXP-BM-CLS-094,Benchmark,MMWHS,Class-CL three-stage cardiac structure sequence,Non-CL,WCD,0.572,0.023,sources/benchmark/Benchmark_pa/main.tex,tab:class-cl,yes,source_extracted,
EXP-BM-CLS-095,Benchmark,MMWHS,Class-CL three-stage cardiac structure sequence,Non-CL,MPE,0,,sources/benchmark/Benchmark_pa/main.tex,tab:class-cl,yes,source_extracted,
EXP-BM-CLS-096,Benchmark,MMWHS,Class-CL three-stage cardiac structure sequence,Non-CL,DRR,0,,sources/benchmark/Benchmark_pa/main.tex,tab:class-cl,yes,source_extracted,
EXP-BM-CLS-097,Benchmark,MMWHS,Class-CL three-stage cardiac structure sequence,JointTrain,A-Dice,0.810,0.023,sources/benchmark/Benchmark_pa/main.tex,tab:class-cl,yes,source_extracted,full historical-data access reference
EXP-BM-CLS-098,Benchmark,MMWHS,Class-CL three-stage cardiac structure sequence,JointTrain,MPE,0,,sources/benchmark/Benchmark_pa/main.tex,tab:class-cl,yes,source_extracted,full historical-data access reference
EXP-BM-CLS-099,Benchmark,MMWHS,Class-CL three-stage cardiac structure sequence,JointTrain,DRR,0,,sources/benchmark/Benchmark_pa/main.tex,tab:class-cl,yes,source_extracted,full historical-data access reference
EXP-BM-ORG-001,Benchmark,LAScarQS+PROMISE12+LiTS+FeTS2021,Organ-CL four-task sequence,Regu-EWC,A-Dice,0.601,0.008,sources/benchmark/Benchmark_pa/main.tex,tab:Organ-CL,yes,source_extracted,
EXP-BM-ORG-002,Benchmark,LAScarQS+PROMISE12+LiTS+FeTS2021,Organ-CL four-task sequence,Regu-EWC,BWTR,-0.371,0.014,sources/benchmark/Benchmark_pa/main.tex,tab:Organ-CL,yes,source_extracted,
EXP-BM-ORG-003,Benchmark,LAScarQS+PROMISE12+LiTS+FeTS2021,Organ-CL four-task sequence,Regu-EWC,RMA,1.004,0.012,sources/benchmark/Benchmark_pa/main.tex,tab:Organ-CL,yes,source_extracted,
EXP-BM-ORG-004,Benchmark,LAScarQS+PROMISE12+LiTS+FeTS2021,Organ-CL four-task sequence,Regu-EWC,MPE,0,,sources/benchmark/Benchmark_pa/main.tex,tab:Organ-CL,yes,source_extracted,
EXP-BM-ORG-005,Benchmark,LAScarQS+PROMISE12+LiTS+FeTS2021,Organ-CL four-task sequence,Regu-EWC,DRR,0,,sources/benchmark/Benchmark_pa/main.tex,tab:Organ-CL,yes,source_extracted,
EXP-BM-ORG-006,Benchmark,LAScarQS+PROMISE12+LiTS+FeTS2021,Organ-CL four-task sequence,Regu-SI,A-Dice,0.621,0.024,sources/benchmark/Benchmark_pa/main.tex,tab:Organ-CL,yes,source_extracted,
EXP-BM-ORG-007,Benchmark,LAScarQS+PROMISE12+LiTS+FeTS2021,Organ-CL four-task sequence,Regu-SI,BWTR,-0.343,0.025,sources/benchmark/Benchmark_pa/main.tex,tab:Organ-CL,yes,source_extracted,
EXP-BM-ORG-008,Benchmark,LAScarQS+PROMISE12+LiTS+FeTS2021,Organ-CL four-task sequence,Regu-SI,RMA,1.003,0.009,sources/benchmark/Benchmark_pa/main.tex,tab:Organ-CL,yes,source_extracted,
EXP-BM-ORG-009,Benchmark,LAScarQS+PROMISE12+LiTS+FeTS2021,Organ-CL four-task sequence,Regu-SI,MPE,0,,sources/benchmark/Benchmark_pa/main.tex,tab:Organ-CL,yes,source_extracted,
EXP-BM-ORG-010,Benchmark,LAScarQS+PROMISE12+LiTS+FeTS2021,Organ-CL four-task sequence,Regu-SI,DRR,0,,sources/benchmark/Benchmark_pa/main.tex,tab:Organ-CL,yes,source_extracted,
EXP-BM-ORG-011,Benchmark,LAScarQS+PROMISE12+LiTS+FeTS2021,Organ-CL four-task sequence,Regu-LwF,A-Dice,0.594,0.018,sources/benchmark/Benchmark_pa/main.tex,tab:Organ-CL,yes,source_extracted,
EXP-BM-ORG-012,Benchmark,LAScarQS+PROMISE12+LiTS+FeTS2021,Organ-CL four-task sequence,Regu-LwF,BWTR,-0.308,0.044,sources/benchmark/Benchmark_pa/main.tex,tab:Organ-CL,yes,source_extracted,
EXP-BM-ORG-013,Benchmark,LAScarQS+PROMISE12+LiTS+FeTS2021,Organ-CL four-task sequence,Regu-LwF,RMA,0.916,0.004,sources/benchmark/Benchmark_pa/main.tex,tab:Organ-CL,yes,source_extracted,
EXP-BM-ORG-014,Benchmark,LAScarQS+PROMISE12+LiTS+FeTS2021,Organ-CL four-task sequence,Regu-LwF,MPE,0,,sources/benchmark/Benchmark_pa/main.tex,tab:Organ-CL,yes,source_extracted,
EXP-BM-ORG-015,Benchmark,LAScarQS+PROMISE12+LiTS+FeTS2021,Organ-CL four-task sequence,Regu-LwF,DRR,0,,sources/benchmark/Benchmark_pa/main.tex,tab:Organ-CL,yes,source_extracted,
EXP-BM-ORG-016,Benchmark,LAScarQS+PROMISE12+LiTS+FeTS2021,Organ-CL four-task sequence,Repl-ER,A-Dice,0.729,0.009,sources/benchmark/Benchmark_pa/main.tex,tab:Organ-CL,yes,source_extracted,
EXP-BM-ORG-017,Benchmark,LAScarQS+PROMISE12+LiTS+FeTS2021,Organ-CL four-task sequence,Repl-ER,BWTR,-0.178,0.021,sources/benchmark/Benchmark_pa/main.tex,tab:Organ-CL,yes,source_extracted,
EXP-BM-ORG-018,Benchmark,LAScarQS+PROMISE12+LiTS+FeTS2021,Organ-CL four-task sequence,Repl-ER,RMA,0.996,0.011,sources/benchmark/Benchmark_pa/main.tex,tab:Organ-CL,yes,source_extracted,
EXP-BM-ORG-019,Benchmark,LAScarQS+PROMISE12+LiTS+FeTS2021,Organ-CL four-task sequence,Repl-ER,MPE,0,,sources/benchmark/Benchmark_pa/main.tex,tab:Organ-CL,yes,source_extracted,
EXP-BM-ORG-020,Benchmark,LAScarQS+PROMISE12+LiTS+FeTS2021,Organ-CL four-task sequence,Repl-ER,DRR,0.012,,sources/benchmark/Benchmark_pa/main.tex,tab:Organ-CL,yes,source_extracted,raw-image replay
EXP-BM-ORG-021,Benchmark,LAScarQS+PROMISE12+LiTS+FeTS2021,Organ-CL four-task sequence,Repl-GSS,A-Dice,0.717,0.005,sources/benchmark/Benchmark_pa/main.tex,tab:Organ-CL,yes,source_extracted,
EXP-BM-ORG-022,Benchmark,LAScarQS+PROMISE12+LiTS+FeTS2021,Organ-CL four-task sequence,Repl-GSS,BWTR,-0.276,0.055,sources/benchmark/Benchmark_pa/main.tex,tab:Organ-CL,yes,source_extracted,
EXP-BM-ORG-023,Benchmark,LAScarQS+PROMISE12+LiTS+FeTS2021,Organ-CL four-task sequence,Repl-GSS,RMA,0.995,0.009,sources/benchmark/Benchmark_pa/main.tex,tab:Organ-CL,yes,source_extracted,
EXP-BM-ORG-024,Benchmark,LAScarQS+PROMISE12+LiTS+FeTS2021,Organ-CL four-task sequence,Repl-GSS,MPE,0,,sources/benchmark/Benchmark_pa/main.tex,tab:Organ-CL,yes,source_extracted,
EXP-BM-ORG-025,Benchmark,LAScarQS+PROMISE12+LiTS+FeTS2021,Organ-CL four-task sequence,Repl-GSS,DRR,0.023,,sources/benchmark/Benchmark_pa/main.tex,tab:Organ-CL,yes,source_extracted,raw-image replay
EXP-BM-ORG-026,Benchmark,LAScarQS+PROMISE12+LiTS+FeTS2021,Organ-CL four-task sequence,Repl-GEM,A-Dice,0.599,0.007,sources/benchmark/Benchmark_pa/main.tex,tab:Organ-CL,yes,source_extracted,
EXP-BM-ORG-027,Benchmark,LAScarQS+PROMISE12+LiTS+FeTS2021,Organ-CL four-task sequence,Repl-GEM,BWTR,-0.182,0.068,sources/benchmark/Benchmark_pa/main.tex,tab:Organ-CL,yes,source_extracted,
EXP-BM-ORG-028,Benchmark,LAScarQS+PROMISE12+LiTS+FeTS2021,Organ-CL four-task sequence,Repl-GEM,RMA,0.806,0.059,sources/benchmark/Benchmark_pa/main.tex,tab:Organ-CL,yes,source_extracted,
EXP-BM-ORG-029,Benchmark,LAScarQS+PROMISE12+LiTS+FeTS2021,Organ-CL four-task sequence,Repl-GEM,MPE,0,,sources/benchmark/Benchmark_pa/main.tex,tab:Organ-CL,yes,source_extracted,
EXP-BM-ORG-030,Benchmark,LAScarQS+PROMISE12+LiTS+FeTS2021,Organ-CL four-task sequence,Repl-GEM,DRR,0.023,,sources/benchmark/Benchmark_pa/main.tex,tab:Organ-CL,yes,source_extracted,raw-image replay
EXP-BM-ORG-031,Benchmark,LAScarQS+PROMISE12+LiTS+FeTS2021,Organ-CL four-task sequence,Repl-GPM,A-Dice,0.605,0.009,sources/benchmark/Benchmark_pa/main.tex,tab:Organ-CL,yes,source_extracted,
EXP-BM-ORG-032,Benchmark,LAScarQS+PROMISE12+LiTS+FeTS2021,Organ-CL four-task sequence,Repl-GPM,BWTR,-0.329,0.034,sources/benchmark/Benchmark_pa/main.tex,tab:Organ-CL,yes,source_extracted,
EXP-BM-ORG-033,Benchmark,LAScarQS+PROMISE12+LiTS+FeTS2021,Organ-CL four-task sequence,Repl-GPM,RMA,0.960,0.027,sources/benchmark/Benchmark_pa/main.tex,tab:Organ-CL,yes,source_extracted,
EXP-BM-ORG-034,Benchmark,LAScarQS+PROMISE12+LiTS+FeTS2021,Organ-CL four-task sequence,Repl-GPM,MPE,0,,sources/benchmark/Benchmark_pa/main.tex,tab:Organ-CL,yes,source_extracted,
EXP-BM-ORG-035,Benchmark,LAScarQS+PROMISE12+LiTS+FeTS2021,Organ-CL four-task sequence,Repl-GPM,DRR,0.068,,sources/benchmark/Benchmark_pa/main.tex,tab:Organ-CL,yes,source_extracted,
EXP-BM-ORG-036,Benchmark,LAScarQS+PROMISE12+LiTS+FeTS2021,Organ-CL four-task sequence,Repl-AGEM,A-Dice,0.635,0.013,sources/benchmark/Benchmark_pa/main.tex,tab:Organ-CL,yes,source_extracted,
EXP-BM-ORG-037,Benchmark,LAScarQS+PROMISE12+LiTS+FeTS2021,Organ-CL four-task sequence,Repl-AGEM,BWTR,-0.193,0.069,sources/benchmark/Benchmark_pa/main.tex,tab:Organ-CL,yes,source_extracted,
EXP-BM-ORG-038,Benchmark,LAScarQS+PROMISE12+LiTS+FeTS2021,Organ-CL four-task sequence,Repl-AGEM,RMA,0.873,0.052,sources/benchmark/Benchmark_pa/main.tex,tab:Organ-CL,yes,source_extracted,
EXP-BM-ORG-039,Benchmark,LAScarQS+PROMISE12+LiTS+FeTS2021,Organ-CL four-task sequence,Repl-AGEM,MPE,0,,sources/benchmark/Benchmark_pa/main.tex,tab:Organ-CL,yes,source_extracted,
EXP-BM-ORG-040,Benchmark,LAScarQS+PROMISE12+LiTS+FeTS2021,Organ-CL four-task sequence,Repl-AGEM,DRR,0.023,,sources/benchmark/Benchmark_pa/main.tex,tab:Organ-CL,yes,source_extracted,raw-image replay
EXP-BM-ORG-041,Benchmark,LAScarQS+PROMISE12+LiTS+FeTS2021,Organ-CL four-task sequence,Repl-DER,A-Dice,0.717,0.005,sources/benchmark/Benchmark_pa/main.tex,tab:Organ-CL,yes,source_extracted,
EXP-BM-ORG-042,Benchmark,LAScarQS+PROMISE12+LiTS+FeTS2021,Organ-CL four-task sequence,Repl-DER,BWTR,-0.157,0.022,sources/benchmark/Benchmark_pa/main.tex,tab:Organ-CL,yes,source_extracted,
EXP-BM-ORG-043,Benchmark,LAScarQS+PROMISE12+LiTS+FeTS2021,Organ-CL four-task sequence,Repl-DER,RMA,0.953,0.013,sources/benchmark/Benchmark_pa/main.tex,tab:Organ-CL,yes,source_extracted,
EXP-BM-ORG-044,Benchmark,LAScarQS+PROMISE12+LiTS+FeTS2021,Organ-CL four-task sequence,Repl-DER,MPE,0,,sources/benchmark/Benchmark_pa/main.tex,tab:Organ-CL,yes,source_extracted,
EXP-BM-ORG-045,Benchmark,LAScarQS+PROMISE12+LiTS+FeTS2021,Organ-CL four-task sequence,Repl-DER,DRR,0.012,,sources/benchmark/Benchmark_pa/main.tex,tab:Organ-CL,yes,source_extracted,raw-image replay
EXP-BM-ORG-046,Benchmark,LAScarQS+PROMISE12+LiTS+FeTS2021,Organ-CL four-task sequence,Repl-FDR,A-Dice,0.631,0.008,sources/benchmark/Benchmark_pa/main.tex,tab:Organ-CL,yes,source_extracted,
EXP-BM-ORG-047,Benchmark,LAScarQS+PROMISE12+LiTS+FeTS2021,Organ-CL four-task sequence,Repl-FDR,BWTR,-0.217,0.008,sources/benchmark/Benchmark_pa/main.tex,tab:Organ-CL,yes,source_extracted,
EXP-BM-ORG-048,Benchmark,LAScarQS+PROMISE12+LiTS+FeTS2021,Organ-CL four-task sequence,Repl-FDR,RMA,0.885,0.013,sources/benchmark/Benchmark_pa/main.tex,tab:Organ-CL,yes,source_extracted,
EXP-BM-ORG-049,Benchmark,LAScarQS+PROMISE12+LiTS+FeTS2021,Organ-CL four-task sequence,Repl-FDR,MPE,0,,sources/benchmark/Benchmark_pa/main.tex,tab:Organ-CL,yes,source_extracted,
EXP-BM-ORG-050,Benchmark,LAScarQS+PROMISE12+LiTS+FeTS2021,Organ-CL four-task sequence,Repl-FDR,DRR,0.023,,sources/benchmark/Benchmark_pa/main.tex,tab:Organ-CL,yes,source_extracted,raw-image replay
EXP-BM-ORG-051,Benchmark,LAScarQS+PROMISE12+LiTS+FeTS2021,Organ-CL four-task sequence,ParIso-PNN,A-Dice,0.839,0.004,sources/benchmark/Benchmark_pa/main.tex,tab:Organ-CL,yes,source_extracted,
EXP-BM-ORG-052,Benchmark,LAScarQS+PROMISE12+LiTS+FeTS2021,Organ-CL four-task sequence,ParIso-PNN,BWTR,0,0,sources/benchmark/Benchmark_pa/main.tex,tab:Organ-CL,yes,source_extracted,
EXP-BM-ORG-053,Benchmark,LAScarQS+PROMISE12+LiTS+FeTS2021,Organ-CL four-task sequence,ParIso-PNN,RMA,1.001,0.006,sources/benchmark/Benchmark_pa/main.tex,tab:Organ-CL,yes,source_extracted,
EXP-BM-ORG-054,Benchmark,LAScarQS+PROMISE12+LiTS+FeTS2021,Organ-CL four-task sequence,ParIso-PNN,MPE,1.074,,sources/benchmark/Benchmark_pa/main.tex,tab:Organ-CL,yes,source_extracted,
EXP-BM-ORG-055,Benchmark,LAScarQS+PROMISE12+LiTS+FeTS2021,Organ-CL four-task sequence,ParIso-PNN,DRR,0,,sources/benchmark/Benchmark_pa/main.tex,tab:Organ-CL,yes,source_extracted,
EXP-BM-ORG-056,Benchmark,LAScarQS+PROMISE12+LiTS+FeTS2021,Organ-CL four-task sequence,ParIso-DAN,A-Dice,0.824,0.005,sources/benchmark/Benchmark_pa/main.tex,tab:Organ-CL,yes,source_extracted,
EXP-BM-ORG-057,Benchmark,LAScarQS+PROMISE12+LiTS+FeTS2021,Organ-CL four-task sequence,ParIso-DAN,BWTR,0,0,sources/benchmark/Benchmark_pa/main.tex,tab:Organ-CL,yes,source_extracted,
EXP-BM-ORG-058,Benchmark,LAScarQS+PROMISE12+LiTS+FeTS2021,Organ-CL four-task sequence,ParIso-DAN,RMA,0.972,0.016,sources/benchmark/Benchmark_pa/main.tex,tab:Organ-CL,yes,source_extracted,
EXP-BM-ORG-059,Benchmark,LAScarQS+PROMISE12+LiTS+FeTS2021,Organ-CL four-task sequence,ParIso-DAN,MPE,0.166,,sources/benchmark/Benchmark_pa/main.tex,tab:Organ-CL,yes,source_extracted,
EXP-BM-ORG-060,Benchmark,LAScarQS+PROMISE12+LiTS+FeTS2021,Organ-CL four-task sequence,ParIso-DAN,DRR,0,,sources/benchmark/Benchmark_pa/main.tex,tab:Organ-CL,yes,source_extracted,
EXP-BM-ORG-061,Benchmark,LAScarQS+PROMISE12+LiTS+FeTS2021,Organ-CL four-task sequence,Non-CL,A-Dice,0.603,0.008,sources/benchmark/Benchmark_pa/main.tex,tab:Organ-CL,yes,source_extracted,
EXP-BM-ORG-062,Benchmark,LAScarQS+PROMISE12+LiTS+FeTS2021,Organ-CL four-task sequence,Non-CL,BWTR,-0.369,0.005,sources/benchmark/Benchmark_pa/main.tex,tab:Organ-CL,yes,source_extracted,
EXP-BM-ORG-063,Benchmark,LAScarQS+PROMISE12+LiTS+FeTS2021,Organ-CL four-task sequence,Non-CL,RMA,1.006,0.008,sources/benchmark/Benchmark_pa/main.tex,tab:Organ-CL,yes,source_extracted,
EXP-BM-ORG-064,Benchmark,LAScarQS+PROMISE12+LiTS+FeTS2021,Organ-CL four-task sequence,Non-CL,MPE,0,,sources/benchmark/Benchmark_pa/main.tex,tab:Organ-CL,yes,source_extracted,
EXP-BM-ORG-065,Benchmark,LAScarQS+PROMISE12+LiTS+FeTS2021,Organ-CL four-task sequence,Non-CL,DRR,0,,sources/benchmark/Benchmark_pa/main.tex,tab:Organ-CL,yes,source_extracted,
EXP-BM-ORG-066,Benchmark,LAScarQS+PROMISE12+LiTS+FeTS2021,Organ-CL four-task sequence,JointTrain,A-Dice,0.881,0.010,sources/benchmark/Benchmark_pa/main.tex,tab:Organ-CL,yes,source_extracted,full historical-data access reference
EXP-BM-ORG-067,Benchmark,LAScarQS+PROMISE12+LiTS+FeTS2021,Organ-CL four-task sequence,JointTrain,MPE,0,,sources/benchmark/Benchmark_pa/main.tex,tab:Organ-CL,yes,source_extracted,full historical-data access reference
EXP-BM-ORG-068,Benchmark,LAScarQS+PROMISE12+LiTS+FeTS2021,Organ-CL four-task sequence,JointTrain,DRR,0,,sources/benchmark/Benchmark_pa/main.tex,tab:Organ-CL,yes,source_extracted,full historical-data access reference
EXP-BM-ROB-001,Benchmark,NCI-ISBI13+I2CVB+PROMISE12,Domain-CL ten task orders,Repl-GSS,A-Dice order std,0.0134,,sources/benchmark/Benchmark_pa/main.tex,fig:task_order_robustness,yes,source_extracted,complete per-order values not reported
EXP-BM-ROB-002,Benchmark,NCI-ISBI13+I2CVB+PROMISE12,Domain-CL ten task orders,Repl-GSS,BWTR order std,0.0123,,sources/benchmark/Benchmark_pa/main.tex,fig:task_order_robustness,yes,source_extracted,complete per-order values not reported
